,mRNA_LINC00958,mRNA_PLIN1,mRNA_CD79B,mRNA_CLDN6,mRNA_COL2A1,mRNA_RAE1,mRNA_ADGRV1,mRNA_UBE2C,mRNA_APOH,mRNA_AURKA,mRNA_DSN1,mRNA_MAGEA10,mRNA_IGF2BP1,mRNA_TPX2,mRNA_CCNE1,mRNA_PRG4,mRNA_HTR2C,mRNA_TOP2A,mRNA_GLDC,mRNA_NOTUM,mRNA_DDX27,mRNA_CLEC17A,mRNA_DSCR8,mRNA_CSE1L,mRNA_TAF4,mRNA_GRB7,mRNA_MAGEA4,mRNA_EME1,mRNA_VPREB3,mRNA_LGALS7B,mRNA_ITPKB,mRNA_EBF1,mRNA_ANLN,mRNA_ACTR5,mRNA_CDC6,mRNA_HMGA2,mRNA_SYNE4,mRNA_YTHDF1,mRNA_TNFRSF13C,mRNA_SEPTIN6,mRNA_NHSL2,mRNA_RASGRP2,mRNA_SRPX,mRNA_E2F1,mRNA_CFD,TF_E2F3,TF_E2F2,TF_GLI1,TF_E2F4,TF_TFDP1,TF_EBF1,TF_MEF2C,TF_NR2C2,TF_TP53,TF_THAP11,TF_PKNOX1,TF_ATF6,TF_DNMT1,TF_STAT5B,TF_IRF4,TF_PRDM1,TF_SIX2,TF_SOX10,TF_YBX1,TF_SPI1,TF_TAL1,TF_FOXO1,TF_RUNX1,TF_TP73,TF_SPIB,TF_TCF7,TF_MEF2A,TF_TEAD4,TF_MEF2B,TF_ERG,CNA_Gain_B4GALT5,CNA_Gain_TSHZ2,CNA_Gain_ZNF217,CNA_Gain_SUMO1P1,CNA_Gain_PARD6B,CNA_Gain_MIR4756,CNA_Gain_BCAS1,CNA_Gain_LINC01270,CNA_Gain_KCNB1,CNA_Gain_SLC9A8,CNA_Loss_FAM190A,CNA_Loss_LOC339975,CNA_Loss_HSP90AA4P,CNA_Loss_FRG1,CNA_Loss_TRIML2,CNA_Loss_TRIML1,CNA_Loss_LINC01060,CNA_Loss_LOC100288255,CNA_Loss_FRG2,CNA_Loss_ZFP42,CNA_Burden,MOLECULAR_SUBTYPE
TCGA-BR-4187-01,-0.1852,-0.1559,-0.0667,-0.1407,-0.1946,-1.2218,-0.2086,-0.7589,-0.2416,-0.9891,-0.6706,-0.281,-0.2587,-0.7808,-0.6522,0.2356,-0.3415,-0.7619,-0.2123,-0.1943,0.4368,-0.0998,-0.2156,-0.0319,-1.1313,-0.8045,-0.2624,-0.3515,-0.0521,-0.0909,0.2091,1.2825,-0.7713,-1.0012,-0.8999,-0.5082,-0.704,-1.274,-0.2063,0.0006,1.2754,-0.1753,3.9229,-0.9948,3.2822,-2.36427862177615,-3.282866117335116,2.08512935922705,-8.062419982287222,-3.4894697090551965,2.8805547804346454,2.671528611814925,-1.7576904381303622,4.986886777356052,-1.7250362432168165,0.2335104854742808,-0.9377512031205236,-1.063190811110733,4.536128563601975,0.0013081147657791976,3.175714730673411,2.719249773711019,3.547922798042035,3.721887786453548,10.736209450822038,6.978952237550514,5.239306518801537,4.141324614797761,0.32058594066257057,1.3805207624974467,2.787265539008453,4.8110576757810515,3.652786176315307,0.9233881343592139,2.4761054698850042,1,1,1,1,1,1,1,1,1,1,0,0,0,0,0,0,0,0,0,0,0.2674639960271478,GS
TCGA-BR-4191-01,-0.0406,-0.203,-0.095,-0.1405,-0.1699,3.0706,0.5286,1.6382,0.0324,1.4,1.1111,-0.2687,-0.2047,0.0348,-0.5873,-0.2344,0.6718,-0.2072,-0.182,1.2947,1.1604,-0.0994,-0.2156,0.4027,1.7841,-0.4777,-0.2624,-0.167,-0.1337,-0.1248,-0.4754,-0.0691,-0.4245,0.3806,-0.3672,-0.1925,0.1046,3.7445,-0.1939,-0.1597,-0.636,-0.1834,-0.3717,0.1284,-0.4551,-0.7582363149146472,-1.1468503747493435,-0.6817655153501045,-6.528749068505215,-1.520049473338517,-2.345949767554689,-0.6730154975091586,-1.313847917036201,-1.5280025292067754,-1.7568330963811378,-1.0075295259723434,0.39697266748708804,-0.20991851419459456,-0.8352090234794632,-1.4407327464237967,-0.8878459551006949,-1.0814062209428588,-1.094778975543487,-1.1562328804382094,0.07644829268308294,-2.316852491743369,-1.124109673058915,-1.8177661101600868,-0.2646442066342732,-0.39240330538000334,-1.4862520527861298,-1.942724749394497,-1.3504303778648457,-1.2993286428526054,-1.0956707585742957,2,2,2,2,2,2,2,2,2,2,-1,-1,-1,-1,-1,-1,-1,-1,-1,-1,0.4230259890746565,CIN
TCGA-BR-4255-01,0.5355,-0.2105,-0.1071,-0.0993,-0.2001,1.4716,-0.256,-0.0722,-0.1194,0.8991,0.1504,-0.2802,0.6551,0.2442,-0.9307,-0.1821,1.0599,-0.762,-0.2316,-0.1955,2.1567,-0.1762,-0.2156,1.1821,-0.7625,-0.5827,-0.2624,-0.6497,-0.1467,-0.1121,0.3809,-0.0494,-0.4637,0.272,-0.3959,0.3016,-0.1404,-0.3593,-0.2155,0.114,0.2983,-0.1851,0.4705,-0.589,-0.0293,0.8283572116997594,-1.6013151138205781,0.27662589140776084,-4.797545529832042,-2.081595204045187,1.6284181091041514,1.805185081057011,-1.0667719043192752,0.916061025037388,2.508402195025264,1.2825111265045404,0.6842442652915492,-1.457013332823274,2.2540233297818584,0.5137027267005758,2.034023552695521,1.40590592171754,2.433535752875204,1.7186019099865844,4.564048964513873,4.989953965514237,2.166166348649729,2.7835987518122467,-0.502398810416623,-0.15404691946705698,0.722294702813392,3.553035937673403,2.5560694940321564,0.3810397342532527,1.627190216536829,1,1,1,1,1,1,1,1,1,1,-1,0,0,0,0,0,0,0,0,0,0.5418804833636816,CIN
TCGA-BR-4267-01,-0.216,-0.2095,-0.1796,-0.1385,-0.1896,-0.5786,-0.0895,-0.7573,0.0345,-0.082,-0.183,-0.2801,-0.2566,-0.5053,-0.5023,-0.2693,-0.3138,-0.3758,0.7087,0.2164,1.1583,-0.1703,-0.2156,-0.3449,0.2978,0.9147,-0.2624,-0.4006,-0.1827,-0.122,-0.4746,-0.4408,-0.0748,0.2867,-0.1513,-0.2785,-0.6834,-0.3209,-0.2248,-0.4595,-0.6216,-0.5303,-0.587,-0.437,-0.5473,-0.5015857916869675,-2.0376600799003257,-0.8493382387939781,-1.9128554840574743,-1.1459027524318395,-1.9749249106110425,-1.04197963221941,2.2349513713269915,2.1328522568120833,2.1218373459280326,-1.5539158401858193,2.62617746741009,0.26610018488193465,0.20069624170550224,-0.16860213217391057,0.14441015003730892,0.6002924765576897,-0.76480240870329,-0.24441221495281662,-0.6985495053715108,-0.2586603480317942,-1.2280965798618217,-0.2106337924007209,0.13700973991470217,1.9924928545592697,-1.0434619812959274,0.37159419014900325,0.8817689831586507,1.656689383679319,-0.11133535626626984,0,0,0,0,0,0,0,0,0,0,0,-1,-1,-1,-1,-1,-1,-1,-1,-1,0.3567704022512829,CIN
TCGA-BR-4279-01,-0.1863,0.5557,-0.1546,-0.1404,-0.2001,-0.6154,-0.2419,-1.0255,-0.2407,-1.0614,-0.0811,-0.2815,-0.2396,-1.0311,-1.0127,-0.0739,-0.3415,-0.6969,-0.2274,-0.2108,-1.8081,-0.1763,-0.2156,-0.071,-2.6119,-1.1926,-0.2595,-0.5695,-0.1766,-0.1243,-0.3063,0.2124,-0.8285,-1.3562,-0.807,-0.4799,-0.6096,-2.4747,-0.2465,-0.1382,-0.2317,-0.4433,1.2113,-1.3442,0.1575,-1.707060782095057,-2.3094698574877817,0.14446283400011714,-5.584016920649228,-2.271709217708444,-1.5216683464379317,0.8918495572468601,-2.0509652336443023,1.4970981436042667,-0.8073532576655968,-0.9184778914269435,1.125318599667513,-0.8593125881588576,-0.21147114402602205,-0.8140665568448447,2.121630233922125,0.45116002908884884,2.3692105055724113,-0.06919388181764267,5.225710833983126,1.9059985624056928,4.040126041614829,-0.1468869828832774,-1.5283837766836774,-1.1839672004227788,1.001218793879342,1.95939089683978,0.1465530787345571,-0.02846471580959553,-0.7305941523811722,0,0,0,0,0,0,0,0,0,0,0,0,0,0,0,0,0,0,0,0,0.1901175302102301,GS
TCGA-BR-4294-01,-0.2022,-0.209,-0.1886,-0.1412,-0.2001,3.558,0.5501,-1.4737,11.9659,1.863,-1.2265,-0.2815,-0.2586,-1.4639,-0.8462,-0.2443,-0.2497,-1.3358,-0.0293,-0.2123,2.6159,-0.1816,-0.2156,2.0942,1.1678,-1.1364,-0.2624,-1.3856,-0.1834,-0.1267,-0.6559,-0.4089,-1.4497,0.5925,-1.4958,-0.5251,2.5541,3.3052,-0.2483,-0.5066,-0.5956,-0.6138,-0.1847,-1.4019,-0.5735,-0.1321694664672687,-0.20645770768201055,-0.01547376193967873,-0.8110712430579838,-0.30304505656934316,-0.24198938325875186,-0.23069679061144288,-0.30711391408656435,-0.41530353363355416,-0.2592198984148901,-0.1163455469926849,0.15136042708716854,0.026904245529183055,-0.2381825114858868,-0.15906198182444892,0.0065209396316102675,-0.14076540820347516,-0.1926767674385658,0.5053811077711283,-0.6606941353883262,-0.5881671135463306,-0.180474979064522,-0.5182291070252599,-0.16207836717654672,-0.29463192971527524,-0.26354317549081635,-0.3396998699201089,-0.23010291618982512,-0.16670430867268513,-0.10520895413794117,1,1,1,1,1,1,1,1,1,1,-1,-1,-1,-1,-1,-1,-1,-1,-1,-1,0.5715941069359377,CIN
TCGA-BR-4357-01,-0.1934,-0.2104,-0.129,-0.0273,-0.1431,3.0314,-0.1936,7.9018,-0.2515,5.1649,1.0343,-0.2303,0.6296,2.3687,17.0388,-0.2499,0.495,4.2393,0.1011,-0.1976,7.5268,-0.1594,1.4211,4.2578,3.8749,25.0629,2.8927,5.9999,-0.1749,0.7555,-0.3225,-0.2606,1.864,0.896,3.4476,0.2966,1.3667,2.6837,-0.1987,0.0447,-0.4185,-0.3662,-0.4933,0.8357,-0.4353,1.5995922663139326,1.3395839820256255,-0.6511126960851777,1.2860889512485112,3.0494439850850505,-0.8258289976226572,-1.0463433272020428,1.3938398575944884,-2.652949716731748,2.010170736395902,-1.1626914810194482,0.09242829234873114,0.29487353962709845,-0.3707428635814972,0.07281425857888518,0.03072175850309738,0.3516417785427257,-0.8970442904272613,-1.222759571664155,1.4268270610427078,-0.5574298076449642,-0.7853950693557346,-0.7988580239702798,-7.7712823760994345,0.6934053095688059,0.2902931691781479,-0.5281958271491988,0.3611378953761121,-0.24470312691620172,-0.05810299910875321,2,1,1,1,1,1,1,1,2,2,0,0,0,0,0,0,0,0,0,0,0.5093941400430392,CIN
TCGA-BR-4366-01,-0.1558,-0.1925,-0.1888,-0.1308,-0.1822,2.705,-0.143,2.9228,0.1712,2.2292,2.2766,-0.1322,0.1074,1.1356,13.6792,-0.1833,-0.3055,1.4701,-0.0999,-0.194,23.3956,-0.177,-0.2156,9.9659,3.0933,-0.1074,-0.2508,0.5116,-0.1872,-0.1119,-0.5914,-0.2964,0.4979,3.0232,0.0902,-0.2034,-0.5311,2.1453,-0.2242,-0.2454,-0.4573,-0.5655,-0.2256,-0.6137,-0.5491,-0.47408265948233835,-1.1322365068749471,-0.6726028897344729,-0.6778928010393446,0.5882800090071387,-1.4934269331116707,-1.0079293688021447,2.434443573129816,-1.7066696925560212,-0.059562083240538286,-0.9813957041589213,0.95145675350802,0.261792872182416,-1.7398807021855511,-1.1370225919237353,0.1866406458571329,-1.2838464681980848,-0.8776310350348243,0.015472224368311352,-2.004865912963866,-1.5848974318100375,0.146448101619143,-2.23916283889705,-1.129603435174392,-0.9274049077248322,-0.9384840492097735,0.6556043822380506,0.6627983951396127,-0.3083981587488217,-0.9912247611227636,2,2,2,2,2,2,2,2,2,2,-1,-2,-2,-2,-2,-2,-2,-2,-2,-2,0.5140291342492965,CIN
TCGA-BR-4367-01,-0.2171,-0.2136,-0.1589,-0.1317,-0.1985,1.8793,-0.1709,0.8584,-0.2824,0.2737,0.4274,-0.2815,-0.2605,0.7594,0.1208,-0.2477,-0.3415,-0.0984,-0.2333,-0.2107,2.5577,-0.1746,-0.2156,2.5647,0.4851,0.237,-0.2614,-0.2654,-0.184,-0.0528,-0.4979,0.0832,1.1389,0.5638,0.1472,1.1391,0.3144,-0.635,-0.2417,-0.3038,-0.2296,-0.5151,-0.4205,-0.3525,-0.3662,0.17565817705216813,0.31451346580446476,-0.18303502493409524,1.4525706591242584,1.5923440279719945,-0.2583381907266722,0.6224927118426881,1.6018995870040713,-0.06268887817819965,3.7095477162939314,0.05163586507285097,1.3519291711781813,0.5869309232894666,0.38915157086747026,0.3722877832612307,1.9234953032114714,-0.2352203253420493,0.5202165330566934,-1.1947204166768028,5.341047359481822,1.7777896509888067,0.7473655797489429,0.995528679583571,-0.7044640986568571,0.08198121388413895,1.234811153738599,1.6466432985324255,0.452863950144251,0.9057793997530228,0.10521390412751046,1,1,1,1,1,1,1,1,1,1,-1,-1,-1,-1,-1,-1,-1,-1,-1,-1,0.6726121503062407,CIN
TCGA-BR-4369-01,-0.1785,-0.2033,-0.1576,0.6288,5.2843,12.3554,10.2932,4.0921,0.6126,3.98,3.4207,-0.2747,19.5454,2.2398,1.5781,-0.0139,5.3642,5.2506,0.5237,-0.1939,9.541,-0.1563,4.5044,4.3685,9.5796,3.0844,-0.2624,6.716,-0.1767,0.0514,-0.5885,-0.3766,0.7595,5.9159,3.0265,2.0317,2.1557,6.1508,-0.1681,-0.1449,-0.6094,-0.2966,-0.2794,0.2019,-0.376,-0.007473145745113581,-0.38269346879140076,-0.20394058901997095,-1.2126305124713794,-0.4813009295359419,-0.596496785984568,-0.7328116413192394,1.0138792423882153,-7.554534594886669,-0.15308296573728597,-0.49981573056470796,-0.18332467156330154,0.16237112944883972,-1.0844959243343777,-0.811077453161577,-0.5235536590963383,-0.570448213080839,-0.0961986223287862,4.276305966646377,-2.122557903336435,-0.8630499226084697,0.04470213713230857,-1.673916079053059,-0.45527176319356705,-0.560524164011079,-0.5978726129093687,-0.9871624099141257,-0.7840629214959476,0.18521278195324634,-0.7646928644331532,1,1,1,1,1,1,1,1,1,1,-1,-1,-1,-1,-1,-1,-1,-1,-1,-1,0.7961430226783645,CIN
TCGA-BR-4371-01,-0.1269,-0.2101,-0.1927,-0.1292,-0.1896,4.0082,-0.0696,1.5286,-0.1332,0.8888,2.9105,-0.246,0.5651,1.1842,0.3101,-0.168,-0.3327,0.8246,0.7528,-0.2112,4.0742,-0.1695,-0.2081,3.1331,4.5483,-0.1896,-0.2624,-0.5796,-0.1889,-0.1102,-0.2905,-0.4576,1.4494,1.5878,-0.2064,0.0369,-0.6727,2.5966,-0.2406,-0.1517,-0.7243,-0.5402,-0.5902,-0.3027,-0.5846,-0.5654081700910073,-1.2825254974396438,0.257548256822538,0.21840840220861985,-0.4417698084088487,-3.2613736440900776,-2.0401750093055724,2.976471857678758,-1.8588507364019777,2.066830877960836,-0.5191367660315155,-1.0965962874068458,0.8904698154764079,-4.233725489954658,-1.3505501737761438,0.11709507527913687,-1.2778961359148429,-1.408660858317736,-0.04188628312664403,-2.1207743176284106,-0.6682139347140034,-1.0146707379804463,-1.7050839498669352,-1.2121922799016482,0.21422946085707287,0.19529622227654309,-0.8956762193702529,-1.3440208564790774,-0.2420513302860509,-0.6703319528335325,1,1,1,1,1,1,1,1,1,1,0,0,0,0,0,0,0,0,0,0,0.3182833967886112,GS
TCGA-BR-6453-01,-0.2177,0.4065,2.7254,-0.1389,-0.1945,0.6115,-0.2637,0.6177,-0.293,-0.288,0.2592,-0.2815,-0.2572,-0.3693,-0.8115,-0.2483,-0.3415,-0.5689,-0.2277,-0.2129,2.5867,1.2393,-0.2156,-0.9532,-0.4206,-0.6347,-0.2624,0.2307,1.8457,-0.1267,0.2254,0.7488,-1.1084,0.9213,-0.7391,-0.4321,-0.6801,-0.9179,1.8559,0.5127,-0.3575,3.5416,2.2853,-0.0019,4.4794,-0.7270702247353338,-0.9827347298405209,0.721748485793738,-3.410342503371121,-1.7425605099043757,2.5836756728826535,0.7276303513813344,-0.9400341843568912,0.029194417178627953,-0.5897226850404147,1.5854830213569249,-2.0492443553339608,-1.1200781070990273,0.6965695044626853,5.293290369604199,-0.6746415218304467,-0.39705375115881597,-0.38839021648250577,0.7808635827571486,4.025871987702548,-1.095042214114495,0.8421338009661525,2.045451572948266,0.04637070710609683,5.390084074899668,0.7749035193390367,-1.5094456867406354,-0.9724549187048193,3.165447893736559,2.1830365960431304,1,1,1,1,1,1,1,1,1,1,0,0,0,0,0,0,0,0,0,0,0.08102963085581857,GS
TCGA-BR-6454-01,-0.2029,-0.2125,-0.0663,-0.1305,-0.1959,9.1928,0.7556,4.6582,0.4267,6.6866,3.7261,-0.2815,0.3177,-0.3628,1.8639,-0.2922,0.5766,0.2648,-0.1625,-0.1278,7.2899,-0.1406,-0.2156,1.5857,8.2533,1.6139,-0.2624,-0.04,-0.0995,-0.0791,-0.3257,-0.3429,0.4559,2.363,1.8135,0.1158,8.6113,5.6744,-0.1395,-0.1513,-0.3473,-0.1355,-0.5843,2.4723,-0.4449,4.3181055477209025,2.920018887646354,-0.513944386138723,2.9323358114482647,2.6295181723757626,-0.9297041189513204,-1.4007277109514766,3.532600537998491,-0.02562595355784874,1.1672450566907722,-0.45287096325134574,0.5475776231904212,-0.1674394618602151,0.34582171740184087,0.1620122745372755,-0.6554148372936964,0.560295926183574,-1.4540883761968673,-0.6066683663597361,-0.7100693897163728,-1.707126408854783,-1.2347514849442716,0.23931439582842345,-0.24201025413946525,0.3845149614164388,-0.8504623593538434,-2.3717411392955023,-0.38643656967039736,0.5512252231190388,-0.419789479141336,2,2,2,2,2,2,2,2,2,2,0,0,0,0,0,0,0,0,0,0,0.7049329581195166,CIN
TCGA-BR-6456-01,-0.1562,-0.1557,-0.1632,-0.1411,-0.1781,2.6371,-0.2419,2.4333,-0.2804,1.335,3.0532,-0.2686,-0.2546,2.1962,2.7061,-0.0688,-0.2793,-0.2861,-0.2328,-0.2042,3.6024,-0.1663,-0.2156,0.4268,3.4585,1.3746,-0.2522,-0.8748,-0.1813,-0.1254,-0.129,-0.2478,1.6923,1.6689,-0.1673,-0.1296,0.7715,1.3645,-0.2155,-0.1124,0.4334,-0.212,0.1562,3.0713,0.111,1.7873333185352285,1.7611124174470965,-0.5049456065144856,1.7405489775115046,1.4983966686187713,1.445167588935793,0.7008457734588097,-1.2243402700978423,1.2787654381895766,-0.4410145887570549,-0.1612700245999004,-0.7109887959620742,0.34926380840694426,0.6499680150587964,0.2721886597965671,0.14628537101464986,1.97897545454012,0.07879507318374122,0.8914930725331622,0.4903652688982801,1.902763297239879,0.3718986696612815,1.3919530072475566,0.13054504148764365,0.23864683692689967,0.2968798572726517,0.9685091464755149,1.358458291785,1.4739464860308404,1.3168435389451258,1,1,1,1,1,1,1,1,1,1,0,-2,-2,-2,-2,-2,-2,-2,-2,-2,0.7022843900016553,CIN
TCGA-BR-6457-01,-0.2142,-0.0997,-0.0426,-0.1399,0.0221,-1.5386,-0.1977,-1.1912,-0.2284,-0.8663,-1.3433,-0.2815,-0.259,-1.26,-1.0281,-0.3114,-0.3415,-1.142,-0.1308,-0.2034,-0.955,-0.168,-0.2156,-1.7383,-1.652,-1.2182,-0.2624,-0.9022,-0.156,-0.1267,-0.365,-0.3729,-1.2727,-1.9178,-1.1072,-0.5078,-0.0798,-1.6802,-0.1242,-0.1856,-0.2854,-0.4125,-0.0252,-1.1176,0.4994,-0.8940339871982214,-2.6028798820631045,0.8161926523152834,-11.159996850661756,-3.713689242906659,1.1226437554131639,-0.266953296224273,-5.395420970511961,-0.6585353366729845,-4.776325621177912,-0.08919041252983971,0.4964590628124541,0.40531312114175067,-0.12222601541999434,2.500207137992358,0.9421411707783427,0.7697423463452491,1.1767070463157476,1.0113775234597735,-0.0293943354303323,-0.49494763477676895,4.257122137629333,0.017666140203237014,0.3166965202324985,0.05228256965005501,0.18228952582649943,-1.982301202030931,-0.8011756224992808,1.70894962263764,0.37150163436636396,1,1,1,1,1,1,1,1,1,1,0,0,0,0,0,0,0,0,0,0,0.1581691772885284,GS
TCGA-BR-6458-01,-0.1554,-0.2123,-0.0758,-0.1412,0.2113,-1.3953,-0.051,-1.287,-0.2028,-0.8857,-0.8709,-0.2815,-0.2622,-1.2386,-0.9633,-0.328,-0.3415,-1.0525,-0.119,-0.1849,-0.818,-0.1406,-0.2156,-1.3893,-1.2977,-0.8109,-0.2624,-0.5496,-0.1412,-0.1242,-0.4915,-0.4124,-1.1745,-1.6759,-1.1899,-0.4304,0.1592,-1.1401,-0.1564,-0.1066,-0.5181,-0.3881,-0.4506,-0.9144,-0.2213,-1.2451304736293045,-2.5513571378537154,0.16830155068272828,-10.732130829215329,-3.752472649788404,1.2251657333266321,1.0595468961167762,-4.4488023814358995,0.14212488141406612,-4.484837390449055,-0.008099023908912944,0.9716791734137981,0.02384273431545394,-0.03353835874570508,3.208969295734124,1.5207728570557164,2.3937595114153964,1.1464835734945726,0.8479865822875594,1.3233020393317647,2.368709473905341,1.5819430792215383,2.149343792109641,1.402975219712966,0.23999771333544334,-1.5661894056255732,1.1636068224691345,-0.08569609906867796,2.287066265084158,-0.29957095685797464,1,1,1,1,1,1,1,1,1,1,-1,-1,-1,-1,-1,-1,-1,-1,-1,-1,0.6724466147988744,CIN
TCGA-BR-6563-01,-0.1908,-0.1899,0.2663,-0.1409,-0.163,-0.8202,-0.2179,-0.9856,-0.2546,-1.0318,-1.1176,-0.2815,-0.2296,-1.1411,-0.9724,-0.2264,-0.3415,-1.018,-0.1621,-0.1786,0.0081,0.0346,-0.2156,-1.1711,-1.2573,-0.9173,-0.2624,-0.6774,0.1647,-0.1237,0.1121,0.3254,-1.2756,-0.3362,-1.3028,-0.4983,-0.5765,-0.3788,0.1198,0.1439,-0.1573,0.5096,2.4275,-1.1272,2.253,-3.4187408093309664,-4.910861624761888,3.605019020135988,-12.400660452386074,-5.753351514465632,3.660516203730865,3.2115668014754446,-3.8575808168931713,3.231732473494288,-4.201963773965223,0.8515877052571681,-2.1491281049676885,-2.757387857214468,2.0689570732637246,2.6423827440244523,2.2366670937487676,1.722558327314468,3.171544417192872,1.6392233998731223,5.373003861028451,2.923405246324546,4.107847464415837,3.218722911125456,-0.3723923861549305,2.6220251112576887,2.3269074569551798,1.1646816108926061,1.7497441012918211,1.6619670812529095,2.9947542734949337,1,1,1,1,1,1,1,1,1,1,0,0,0,0,0,0,0,0,0,0,0.09526568448932296,GS
TCGA-BR-6564-01,-0.2151,-0.167,-0.0948,-0.1404,-0.1979,-0.8871,-0.2443,-1.2768,-0.2292,-1.146,-1.5793,-0.2815,-0.2622,-1.334,-1.0823,-0.2074,-0.3415,-1.2381,-0.2321,-0.1963,-0.1241,-0.131,-0.2156,-1.5852,-0.2896,-0.6298,-0.2624,-1.1326,-0.0885,-0.1267,2.2725,-0.1102,-1.2291,-0.4266,-1.3712,-0.4822,0.3411,-0.8889,-0.1851,0.2423,1.963,0.5618,0.7366,-0.8602,0.1905,-2.5294273673967833,-3.393283268892427,1.0533109234113893,-9.316105152145292,-4.07782362405605,3.44517279125419,1.499953637734905,-2.774964307533417,1.0706548814335177,1.1961991141521027,2.09487492530386,-1.202423100761794,-1.260082964348189,2.8548534923454243,0.5677381567866501,0.9830250579564135,1.7574884703372748,1.0725850139988995,1.6426285450550433,0.2144819952752448,2.9876104192199113,2.556505480939487,1.2287149177804277,-0.3462711349420027,-0.261517661552637,-0.3276233434195988,2.8104460099518738,2.023531405087676,0.7183754899829482,2.9090436380151674,1,1,1,1,1,1,1,1,1,1,0,0,0,0,0,0,0,0,0,0,0.2999917232246317,CIN
TCGA-BR-6565-01,-0.1461,-0.2129,-0.1396,-0.038,-0.1614,3.1686,-0.2269,2.5005,-0.1811,2.5328,3.0641,-0.2532,0.1894,2.1291,0.0426,-0.2471,-0.1472,6.0068,3.3712,-0.0526,7.2046,-0.1713,1.6432,3.583,5.0048,8.2508,-0.2353,-0.317,-0.1656,0.2089,-0.0796,-0.3402,0.236,2.9269,9.9206,0.239,-0.1617,2.8126,-0.1799,-0.1357,-0.0905,-0.3178,-0.428,1.8937,-0.3815,4.904132696191469,5.822491439912141,-0.04759435019199796,8.880256731373589,4.64546204185342,-1.1714813732473495,-2.294372317350513,2.818964297648662,-3.9265874639823846,2.1520433732515887,-0.15885876439260552,-0.3004704916447672,0.9198023471785203,-1.4912011798071303,-1.2781282460658605,-1.7629118612651806,-1.015499820311227,-1.4890547815558384,-0.23430331966522552,-2.0930031230719433,-2.794827795178561,-1.881367684868636,-1.1085922078737231,-0.1694794744967396,0.6429912276154176,-0.37710554250953054,-1.5362515308145055,-1.4739103661998185,-1.500808725401857,-1.2480116021235472,1,1,1,1,1,1,1,1,1,1,-2,-1,-1,-1,-1,-1,-1,-1,-1,-1,0.6947111405396458,CIN
TCGA-BR-6705-01,-0.2142,9.5729,-0.0472,-0.078,-0.1911,-0.7136,-0.2475,-0.1788,-0.2371,-0.4285,-1.0484,-0.2815,-0.2126,-0.3224,-0.6819,0.0767,-0.3415,-0.6677,-0.216,-0.2109,0.5124,-0.1258,-0.2156,-1.2124,-0.1166,-0.8829,-0.2617,-0.5613,-0.1246,-0.1008,0.5721,1.2984,-0.7561,-0.9047,-0.6612,-0.3027,-0.6052,0.3427,-0.087,-0.0664,3.3425,0.2484,4.1821,-0.71,3.1406,-0.9852870252351453,-0.8424965213890699,-0.1793366901596178,-4.416849302631974,-2.3003161132796723,3.6614600962668336,1.9367960448846517,-2.5641238489651075,1.3233406245082817,-0.2414749669273616,1.6257110347153965,-1.3956787102876704,-1.972088467968362,2.0781848765080575,0.47109801631578563,-0.05420573263624,1.9562517392048917,2.2953699330255777,1.105052782000683,1.0989896006395854,4.283790515892553,0.9184721176269843,1.3547037351943099,0.17673106415805115,0.9485814208038967,0.5482517839403023,2.1480891806210964,2.39163517652372,1.2288706744243523,6.937349635864159,0,0,0,0,0,0,0,0,0,0,0,-1,-1,-1,-1,-1,-1,-1,-1,-1,0.20435358384373448,GS
TCGA-BR-6710-01,-0.1684,-0.2118,-0.1706,-0.1412,2.5597,-1.7005,-0.0505,-1.4463,0.4491,-1.418,-1.7632,-0.2777,-0.2593,-1.499,-1.1835,-0.3446,-0.3415,-1.2786,-0.2028,-0.2113,-1.309,-0.1857,-0.2156,-1.7165,-1.6678,-0.5373,-0.262,-0.9525,-0.1895,-0.1267,-0.318,-0.4697,-1.3877,-1.9746,-1.5457,-0.4986,-0.2046,-1.6519,-0.2186,-0.2379,-0.4396,-0.4534,-0.259,-1.2966,-0.1867,-1.4736084303665165,-3.0357405101332735,-0.17947889594689445,-11.652581624671477,-5.013939271295225,0.6314008664469715,-0.27920451014535075,-4.694098653740788,-0.34518056200642305,-4.400185593712749,0.023755172807549785,-0.8180318387720552,-0.5287894240001824,-0.06958414072438666,0.506266687850205,0.8761626893976091,1.1400249629427506,1.1048878973506964,0.977010084361918,-1.851712210544163,0.49589428341551284,1.5301410370255577,-0.21500939160511118,0.6483992364389547,-0.0793704312055433,-1.8250817610013272,-0.7220887600414084,-0.5919556869816245,0.9258926023606605,1.507582138953084,0,0,0,0,0,0,0,0,0,0,0,0,0,0,0,0,0,0,0,0,0.0,GS
TCGA-BR-6801-01,-0.2218,-0.1919,-0.187,-0.1408,-0.1974,2.8189,-0.2483,0.3932,-0.2731,-0.0676,0.021,-0.2757,-0.2597,-0.2072,-0.3186,-0.1787,-0.3415,-0.7098,-0.1896,4.6354,4.1949,-0.1835,-0.2156,0.157,2.2363,-0.0118,-0.2624,-0.6074,-0.1882,-0.1267,-0.0799,-0.4041,-0.4865,3.1624,-0.7648,0.0843,-0.6522,1.4206,-0.2389,-0.3158,-0.2453,-0.3845,-0.4107,-0.1344,-0.5118,-0.8771870029511597,-1.0082266809167861,0.6512293861278711,-1.6143620730853745,-0.2921796959361575,-0.31506902615624266,-1.9008677301181496,0.1267839862993373,-0.5588640608299299,0.1378889316083228,0.2174855356258595,-0.6382059681627467,-0.647682635731484,-1.7388165772438908,-1.6097110864430173,0.28354759304808425,0.21389181525150794,-0.9990185924026141,-0.07100560090441398,-2.6847237559492254,-1.1922188077889857,-1.344247955513091,-1.4701225413493404,0.39941128524857916,0.19350440281187684,0.4966607978753125,-1.1502568967989555,-0.16432305980556203,-0.559311453735323,0.29784939991448106,1,1,1,1,1,1,1,1,1,1,-2,0,0,0,0,0,0,0,0,0,0.1969872537659328,GS
TCGA-BR-6803-01,-0.2166,-0.0522,-0.0078,-0.139,-0.143,-0.6618,-0.2159,-0.5819,-0.2222,-0.8592,-0.9828,-0.2815,-0.2487,-0.8482,0.4055,-0.248,-0.3415,-0.8779,-0.1896,-0.2072,0.3999,-0.1219,-0.2156,-0.9763,-0.1529,-0.7773,-0.2624,-0.9051,-0.0196,-0.1248,1.4782,0.0404,-0.8318,-0.7528,-0.9085,-0.284,-0.5812,-1.0308,-0.1141,0.3511,2.5172,0.6264,1.6854,-0.7044,0.8617,-2.1403807941688657,-2.584918981270743,0.650880240168105,-7.598576283820395,-2.601840548232549,5.333416430554733,2.5830733565891486,-3.0198118390374065,2.03429503112246,1.1949830587784527,2.162414758738659,-1.367550518286976,-1.1019788673444637,2.9067909362990743,1.7967651163642577,1.378925967087813,3.4356886565236504,2.5966902187886967,1.7935032620499092,2.631537732310033,6.606562067798437,2.3440607835408187,3.7317862295387836,0.3641673508053625,0.968175021705731,-0.1101774023261564,4.051019115101677,2.0942924103948832,1.9063698070248016,4.040161531900774,0,0,0,0,0,0,0,0,0,0,-1,-1,-1,-1,-1,-1,-1,-1,-1,-1,0.18573083926502235,GS
TCGA-BR-7197-01,-0.0386,-0.0565,-0.1838,-0.1401,-0.1738,4.6816,-0.2046,1.2878,0.0837,1.533,4.2852,-0.1661,2.1584,2.343,0.7713,-0.2497,-0.3415,0.4576,0.0451,14.7319,6.5356,-0.1842,-0.0151,3.4739,9.5082,1.2521,-0.0897,-0.7308,-0.1843,-0.1209,0.0472,-0.0729,2.226,4.0921,0.2334,0.305,0.4166,7.1257,-0.043,-0.2603,-0.4503,-0.3227,-0.416,3.1088,-0.421,0.025573348200969195,0.823495098624462,-0.26423567753276994,2.314885579703271,1.718512375875333,-0.3100045351503725,-1.2612480416519225,1.5704235677583616,-1.1719522847235555,1.2255266243571263,0.3024919794168488,-0.7634090058833687,0.3809247695409362,-1.4528061921778388,-2.182739790382062,-0.679683168606532,-0.12867651236140454,-0.6159116627315411,-0.18862383432512161,-2.4147278182425933,-1.5043432170858293,-1.3021333782455133,-1.2781713893537943,-0.2935373008691345,-1.2460709345213197,-0.6868123988628095,-1.2494403357117558,-0.01847082972064072,-1.115040974191039,0.19536935302287015,1,1,2,2,1,1,1,1,1,1,0,-1,-1,-1,-1,-1,-1,-1,-1,-1,0.6086740605859957,CIN
TCGA-BR-7715-01,-0.1109,-0.2098,-0.1807,-0.1402,-0.1921,5.2834,-0.2455,5.5831,0.971,3.9235,4.7514,-0.2815,-0.2567,5.86,24.5524,-0.2658,-0.3415,12.635,4.1107,6.4448,5.1488,-0.1811,-0.2156,4.3925,5.7989,6.3477,-0.2624,0.5881,-0.1882,-0.1043,-0.2624,-0.2081,1.013,10.0409,16.048,-0.2638,0.366,4.644,-0.1972,-0.1091,-0.2845,-0.4613,-0.3162,3.473,-0.5205,0.752400526152236,0.7380584452809817,-0.1686105758502705,0.904856638454031,0.9748618578155529,-0.4979362348037289,-0.3908884471576019,0.6658246966592023,-0.7454065370436432,0.4705992540024352,-0.1048587972565749,-0.1573501243907102,0.08979587888522865,-0.49055131435473426,-0.656112054430766,-0.40012748575044327,-0.044482421285250165,-0.2670387350357341,-0.18976801935290413,-1.1143488103411376,-0.8446571616629394,-0.5037904233098826,-0.6977162478097668,-0.09117334187133458,-0.22215198712021372,0.14096053589421473,-0.49389379075903594,-0.36989666711999164,-0.05553916853327423,-0.1835435957687727,1,1,1,1,1,1,1,1,1,1,-1,-1,-1,-1,-1,-1,-1,-1,-1,-1,0.7340258235391491,CIN
TCGA-BR-7716-01,-0.2204,-0.212,-0.1114,-0.076,3.6809,-0.4447,0.1671,7.7197,-0.15,0.0657,0.3109,3.5895,0.6865,1.2207,4.282,-0.2763,-0.1569,-0.1767,-0.0747,-0.1755,10.3117,-0.1306,1.2975,3.9438,-0.6726,-0.2468,0.9657,-0.5421,-0.1533,0.0352,-0.3825,-0.448,-0.379,-0.5493,0.6139,0.1172,4.1252,-0.8339,-0.1724,0.2358,-0.5007,-0.2926,-0.4512,0.7649,-0.3721,0.308127733681903,0.2636300788778677,-0.4390418683417943,1.0026798040655567,2.7809382167061867,-0.18120785990754718,-1.4949995760444938,1.048448347074575,-2.8641813477649714,2.736800567033913,-0.018757831229529936,2.3157229465807916,0.07817601018307963,-0.7010704694885787,-0.8079580605884655,-0.6299531675571337,-0.9698588496404046,-1.6420671559198694,0.04481854374630346,-0.7840827827490728,-2.846887378166151,-0.17747596014471534,-1.2775595599731469,-0.09685102994705391,0.7625871680014155,-0.707532486560682,-2.143353818565006,-0.4531459327802405,-0.8983361662470986,-0.32512658612648365,2,2,2,2,2,2,2,2,2,2,-1,2,2,2,2,2,2,2,2,2,0.5545025658003642,CIN
TCGA-BR-7717-01,0.1682,-0.1899,-0.1188,2.0906,-0.1579,2.3741,0.7155,5.9443,-0.2026,1.2579,0.7934,-0.2815,-0.2589,2.6085,-0.4727,-0.2077,-0.3415,1.2587,-0.2456,-0.208,4.6384,-0.148,-0.2051,0.4408,0.4506,-0.0704,-0.2624,0.6347,-0.1026,-0.0943,-0.3213,-0.1707,0.272,1.831,0.8391,-0.2504,1.9485,0.9105,-0.2058,-0.3401,-0.719,-0.3127,-0.0972,-0.1554,0.0522,0.6823876188354422,1.421518256725778,-0.36936170813405544,0.8653571038458122,1.0644004532169,-1.2186419012412513,-1.1665237227771643,0.9310200437879206,-1.303112695322312,0.507159391892072,-0.6605169421940402,-0.41271562318302957,-0.014843043039193711,-1.3555804045429658,-2.060920119530272,-1.0645421597399307,-1.4783410429970363,-0.76344146244632,8.197155491617801,-5.018853960766704,-4.570143747101806,-0.8817791520764441,-3.6627469044748104,-0.941731568318172,2.1682819079042535,-1.0944875339528812,-2.008599908134869,-1.4754201439429697,0.004912695551293561,-0.773121974264206,1,2,2,2,1,2,2,1,1,1,-1,-2,-2,-2,-2,-2,-2,-2,-2,-2,0.48282569111074325,CIN
TCGA-BR-7722-01,-0.2218,-0.1776,-0.1675,-0.1409,-0.1876,0.5487,-0.2564,-0.773,-0.2655,-0.9922,0.0658,-0.2796,-0.2543,-0.9197,-0.8361,-0.2192,-0.2822,-1.0845,-0.2215,-0.2116,4.716,-0.1223,-0.2154,-0.9429,1.1785,1.3038,-0.2624,0.0835,-0.1611,-0.1239,-0.2469,0.4044,-1.2356,0.5026,-1.1455,-0.2403,-0.515,0.568,-0.1937,-0.1348,-0.6819,-0.1976,-0.474,-0.2177,-0.4372,-2.7359879314228084,-2.9165276413419234,-0.4846163314066781,-7.485751021182786,-3.8659277114374393,0.37801700396915067,1.1053229001977707,1.541586272379769,0.1601201068005411,-0.15397723423618823,0.35145626863854273,-2.260686954410741,0.5359199104205865,0.6223023187882027,-1.0628399365813612,-0.22285543424688106,0.307692828368102,-1.902992824623463,0.21626795737559207,-3.545327599296193,-2.983932858499541,-1.3630908219963507,-2.414605010741866,1.7086002542080054,-0.8064189951071971,-2.6248744856117154,-0.3728283444009033,-0.24826113767853977,1.47114284530977,0.36608333184322495,1,1,1,1,1,1,1,1,1,1,0,0,0,0,0,0,0,0,0,0,0.11864757490481709,GS
TCGA-BR-7723-01,-0.2084,0.3484,-0.137,2.1546,125.7168,4.1346,0.0281,5.5016,50.1037,3.3717,5.1142,4.2765,7.9797,8.1471,97.0038,-0.0984,-0.2856,3.4172,7.1085,3.2808,4.4673,-0.1538,1.4541,6.1155,7.4134,2.2875,2.1415,0.0303,-0.178,-0.1156,-0.1752,-0.1664,0.5601,7.9366,1.847,17.225,0.9863,6.4641,-0.1809,0.0424,-0.3635,-0.3697,-0.4068,1.4551,-0.3457,0.7207500118761357,1.1304345655537895,-0.22594751399865778,2.0740631249995527,6.401496591171378,-0.5327140113255033,-0.7081964514683631,1.7065885341495923,-1.786430870631333,0.33194345224063776,0.3255785301220287,0.36845381229346297,0.4543034773974722,-0.6741608257238547,0.34467969411789656,-0.3647902751922345,-0.49388333310592614,14.98768356390765,-0.03403787388038659,-1.7528445536898538,-0.9528914039265327,-0.5639069722613903,-1.057062587258254,-0.5857030647765776,-0.28911304037028707,-0.027137024494015432,-0.8262663264713367,-0.312716897962551,0.2517414801812933,-0.2150100271100449,1,1,1,2,1,1,1,2,1,1,0,-1,-1,-1,-1,-1,-1,-1,-1,-1,0.6330077801688462,CIN
TCGA-BR-7901-01,-0.0701,0.0389,-0.1737,-0.132,-0.1932,1.8953,0.172,1.6914,-0.2408,0.5257,2.465,1.556,-0.2535,0.4054,21.3729,-0.1377,0.5824,0.2021,-0.1345,-0.087,3.0925,-0.1542,3.8811,1.8197,3.4896,0.4086,0.6098,-0.2699,-0.1794,0.0202,-0.2506,0.2495,-0.0616,2.0099,-0.3979,-0.1303,0.6288,2.9395,-0.1895,-0.1122,-0.2211,-0.2627,0.001,0.5854,-0.4521,-0.2297902071144932,-1.3587140834382714,-0.6041327909175118,-1.628612300593859,2.464050805167515,0.48426437296419644,0.28627930439571775,-0.03109254837811321,0.7244569120918896,1.2271280114995222,-0.5844416959650259,1.3151733240608747,-0.21251364768822523,0.5396367530955358,-0.7935893453982209,-0.15223809216593795,-0.4258157177217714,0.14562495608738882,0.45783542534080585,-0.39244453230021714,-0.0030742747353556324,1.502288213176827,0.041120177513977126,0.22944474566768608,-0.11162888162481158,-0.979042529460664,0.5641545822872887,0.26554149959539775,-0.43866139346579797,1.6771249420204475,1,1,1,1,1,1,1,1,1,1,0,0,0,0,0,0,0,0,0,0,0.6667770236715775,CIN
TCGA-BR-7957-01,-0.2183,-0.198,-0.1628,-0.1407,-0.1962,0.5202,-0.2439,-0.8599,-0.2831,-0.1145,-0.8549,-0.2815,-0.1769,-0.3774,-0.0824,0.1295,-0.3415,0.0611,-0.2339,-0.2076,1.7844,-0.1646,-0.2156,1.2701,-0.4556,-0.7883,-0.2624,-0.8975,-0.1726,-0.1242,0.8221,0.3182,-0.2931,-0.4989,-0.3984,-0.3718,-0.7094,1.6558,-0.2053,-0.136,1.72,-0.1997,1.5066,-0.6778,0.3394,-0.8270344092575606,-1.7044331895762173,1.335807679913089,-1.0892523715378721,-1.0930655396148277,4.153653834052218,3.5109256033313723,0.4733899636259344,6.912796499119091,-0.8992206355241626,1.204205254799763,-0.9408127488348417,-1.5716096072955106,3.429708423843354,1.6095056629668265,1.6252359278822934,4.185445224009982,3.583776267174213,1.8301226106879511,3.7602978322444574,9.914823020712877,3.3000245895432885,5.072251375353321,1.551232001196041,-0.06144712488365211,1.6496694937675331,7.916675869713764,5.694562257553469,1.7047180129753488,6.479433946237657,0,0,0,0,0,0,0,0,0,0,-1,-1,-1,-1,-1,-1,-1,-1,-1,-1,0.1115295480880649,GS
TCGA-BR-7959-01,-0.2087,-0.2001,-0.1845,-0.1412,-0.1967,1.8809,-0.0591,-0.1938,-0.2766,0.2046,-0.1582,-0.2815,-0.1541,-0.1304,-0.4842,-0.1229,-0.2152,1.0947,-0.2304,0.229,2.4947,-0.1554,-0.2156,0.7802,1.6042,3.0004,-0.2624,-1.4581,-0.1838,-0.1241,0.0412,-0.0776,0.5159,1.202,0.475,0.0183,-0.2539,3.9446,-0.1902,-0.2015,1.1333,-0.2285,-0.0398,-0.0317,-0.2871,-0.9710825271387485,-1.5178129427414804,-0.27856404998972706,-1.278423963774973,-1.2393223758156144,4.8472885602856675,1.9379500130880314,0.20331331034851152,3.5740142354190136,-0.035563079616341906,1.4310158841074951,-0.4479798098797302,-0.4324406982694867,2.498228751530898,0.33679028634192787,-0.586578267093466,2.82116689304417,1.551563484871646,1.1823331152583292,3.3369226060372075,7.171815958966344,4.0342672858877,4.851002815397565,0.057116670127843244,0.013459719755353768,1.0954588741598654,4.822632318458486,5.016416215563636,2.8039816499688897,5.578345378809128,1,1,1,1,1,1,1,1,1,1,-1,-1,-1,-1,-1,-1,-1,-1,-1,-1,0.5550405561993047,CIN
TCGA-BR-8058-01,-0.1754,-0.2074,-0.0712,-0.141,-0.2001,-0.163,-0.2013,-0.0774,-0.2804,-0.0129,0.1532,-0.2815,-0.256,-0.3817,0.1924,-0.084,-0.3415,-0.1935,-0.2043,-0.1964,0.783,0.0051,-0.2151,0.3698,0.9698,-0.7376,-0.2605,-0.3829,0.0228,-0.1214,-0.2004,-0.1524,0.0128,-0.9467,0.1879,0.1457,-0.6567,0.5456,0.2476,0.0552,0.7405,0.0941,-0.4725,0.1872,-0.3473,-0.08850927115953144,-0.9825378954009709,-0.4747979206135606,-0.8775624645769613,0.3604692045311335,4.800592270799495,3.850684290878614,0.8556162088581474,4.773263811771058,0.269088560661468,1.0266833045285986,0.4084014800341587,-3.5065625278986357,4.228239450199756,5.522084320734149,2.0413648942520988,3.2066999650753485,2.0620082599048932,1.7438162219753859,13.232172124266981,7.681022136726242,2.3689376339343986,10.891920596204873,2.754334958517984,4.6274876368623525,3.409699597277908,4.374210441932075,4.3556103295344135,0.9363388117160227,3.635514222995654,0,0,0,0,0,0,0,0,0,0,-1,-1,-1,-1,-1,-1,-1,-1,-1,-1,0.25148981956629696,GS
TCGA-BR-8077-01,-0.079,-0.1932,-0.161,-0.0702,6.0403,5.0944,0.1472,6.0787,-0.2005,2.6221,1.7876,-0.2116,0.47,0.4339,2.8162,-0.0534,0.0025,1.4685,0.8559,-0.1825,7.6703,-0.1806,1.4112,3.0054,0.026,1.1771,-0.2486,0.711,-0.1653,-0.0711,-0.5116,-0.054,-0.2723,1.6188,0.563,3.9212,-0.0479,0.2217,-0.2331,0.0008,-0.5476,-0.4028,-0.5676,0.1392,-0.4982,-0.31047380702964017,-0.3452912111149687,-0.14816807974729285,1.4396877867575013,1.889778695020357,-2.5731672755669854,-1.3158459009613246,2.6189621146427906,-2.712070639628815,-0.3550641156562974,-1.507378694451514,0.7940563610822746,0.332371335057473,-1.8256554746076814,-2.583315622647143,-1.6503575958340686,-1.463795348311054,-0.6625262940416763,0.5358369257327129,-4.3675930510146355,-5.36795276902313,-1.1884566106308228,-3.9136368862626933,-0.6956990580654899,-1.175266101626686,-1.5678437321135186,-2.7434415899941946,-1.777609635835477,-0.1537275440812676,-0.3954430624050617,1,1,1,1,1,1,1,1,1,1,-1,-1,-1,-1,-1,-1,-1,-1,-1,-1,0.6849859294818739,CIN
TCGA-BR-8080-01,-0.2218,-0.2106,-0.0311,-0.1409,-0.1993,-0.3815,-0.1746,-0.1394,-0.2677,0.9562,0.4613,-0.2815,-0.2589,-0.4422,0.2216,-0.081,-0.3415,0.2344,-0.2309,-0.2036,1.1493,-0.061,-0.2156,0.7767,2.8582,-0.5169,-0.2243,-0.4434,0.0277,-0.0449,0.2399,0.4539,-0.2771,0.4184,-0.1685,-0.2543,0.1503,1.7857,0.2576,-0.0545,1.1252,0.4958,-0.0896,-0.1721,-0.3168,-0.5097778018610367,-0.7045563258606362,0.7108355332547338,-1.4764254080073387,-1.4367953357962273,4.289285379522709,3.3083541059712123,-0.04446325552574042,3.0044981319353985,-0.8878376405258138,2.339001067682147,-0.6672929869850741,-0.8150342292534895,2.656516625863509,2.4931845634483647,1.0751727602729635,7.835452482797861,2.1245176716433742,2.1687838410020874,6.0861994813117795,8.019992627063136,2.549228254977612,6.4314248057602335,0.4407516323204939,1.0190072257443457,0.9032560987886058,5.7243874098739305,8.489719960244221,1.1735483495761192,5.400756805137469,1,1,1,1,1,1,1,1,1,1,-1,-1,-1,-1,-1,-1,-1,-1,-1,-1,0.4507531865585168,CIN
TCGA-BR-8286-01,-0.1547,-0.2086,-0.1714,-0.1283,-0.1904,1.916,-0.1255,1.8995,-0.1883,1.4867,2.2862,-0.2486,-0.2194,1.5672,2.0343,-0.1492,-0.2526,1.6803,-0.1566,-0.196,1.3113,-0.1461,-0.1992,1.5599,1.5025,0.7687,-0.261,0.7107,-0.1823,-0.1103,-0.3467,-0.0985,2.6815,-0.0042,1.0967,0.0833,0.7784,0.5895,-0.2036,-0.3166,-0.582,-0.4388,-0.4603,3.2098,-0.3233,2.5558223248263077,1.7930465798194721,-0.6117875365440941,4.482723793629776,2.817422186517851,-2.6438930975773713,-0.7701742668749131,1.0328626840386594,-3.762012994339978,0.3640054854793982,-1.7100720340591995,-0.61749993714668,1.4656381068165305,-2.9331960379193287,-3.1741182382596773,-1.9192738797564872,-1.3551083457707431,-0.37306106693615837,-1.921002444014993,-5.993753571297185,-5.44728583253142,-2.3724513058355963,-4.507845549185412,-0.7833554910897439,-2.094917413230972,-2.674354504262267,-3.0376200174898003,-2.543184046839802,-2.10338848462614,-1.2434973974094103,0,0,0,0,0,0,0,0,0,0,-1,1,1,1,1,1,1,1,1,1,0.6428571428571429,CIN
TCGA-BR-8289-01,-0.2186,-0.2104,-0.1645,-0.136,-0.1987,4.0611,0.6985,2.7102,0.0362,2.3207,4.6977,-0.2815,-0.2577,2.7571,5.9615,-0.0993,4.7124,1.803,-0.1517,-0.2037,5.8137,-0.1657,-0.1713,1.957,4.523,0.8219,-0.2615,-0.0005,-0.1653,-0.1059,-0.1034,-0.296,-0.1442,4.4234,0.6334,-0.5114,2.0762,7.081,-0.1676,-0.0308,-0.2758,-0.3323,0.1265,1.243,-0.3753,1.7786959667745936,0.22583051018625655,-0.6578058845970105,0.2750003114618217,0.18790943947404046,-2.1456498905918124,-1.358929101419708,2.44628715883337,-3.830118072204567,4.4396308886326725,-0.17894308419370264,-0.5554489160851476,-0.3941072706608828,-2.1849528635222017,-2.4051642911369697,-1.6141917319984016,-1.3202430372910257,-1.2549486485082044,-0.5571253163990327,-5.810177770198441,-3.9464405223350902,-0.5194764062969249,-4.590119385928835,-1.2868948851452622,-1.9369233714907497,-1.7845512582055318,-1.8297887542261237,-1.7635818227224642,-0.9866352327866857,-1.6846321872261079,2,2,2,2,2,2,2,2,2,2,-1,-1,-1,-1,-1,-1,-1,-1,-1,-1,0.7020774706174474,CIN
TCGA-BR-8291-01,-0.2026,-0.0513,-0.1378,-0.1412,-0.1962,0.0839,-0.2475,-0.538,-0.2475,-0.334,-0.1638,-0.2791,-0.2497,-0.827,0.6502,0.0558,-0.3313,-0.7811,-0.1768,-0.1982,0.9327,-0.0604,-0.2156,0.365,1.3022,-0.6098,-0.2624,-1.0404,-0.1629,-0.1259,-0.1103,1.131,-0.5947,-0.5569,-0.9026,-0.2862,-0.5247,1.2475,-0.151,-0.1726,1.2011,0.0604,1.8043,-0.2451,2.8062,-2.340145386497769,-3.4760657803227915,-0.46168101998131467,-8.237340252532547,-3.270105878085098,4.058778570253834,3.361986659333702,-1.3841920085367792,5.404046522504456,-3.4252639049698237,0.42198735103727025,-0.3288799732727957,-3.011008117972579,5.409546162435594,1.4129381113979036,1.6978869513641943,4.566026293269892,3.243299630582916,2.4522917973703353,8.415334248925994,8.615022204854673,3.5306430164380376,6.879344471819738,0.9449087843506382,3.0607136651608045,0.6450874690732842,6.029735919882371,5.1507093628217735,1.6519440496396702,5.764370320957423,1,1,1,1,1,1,1,1,1,1,-1,-1,-1,-1,-1,-1,-1,-1,-1,-1,0.407713954643271,CIN
TCGA-BR-8297-01,-0.2218,-0.1819,-0.1164,-0.1279,-0.2001,0.3685,-0.2131,-0.1946,-0.1849,-0.1782,-0.0168,-0.2815,-0.2166,-0.6371,-0.5456,-0.0679,-0.0694,-0.6426,-0.2275,-0.213,0.5007,-0.0965,-0.2156,0.0659,-0.211,-0.6626,-0.2624,-0.4287,-0.0612,-0.0458,1.428,-0.196,-0.1964,0.3081,-0.7325,-0.3282,-0.5095,-0.0945,-0.0307,0.2747,1.5105,0.6015,0.3895,-0.1813,-0.3121,-1.8372965567346693,-2.1089274727255067,0.6395491776639329,-5.781955929427069,-2.132637685710947,3.122318469694147,3.5139493073105923,0.4780413810697298,0.889660569321357,2.1566016350171586,1.4774117974227765,-1.9091127189729906,-0.679850169171647,3.45045718558126,0.6475896533730323,0.6762537797221153,3.1276621076212425,1.0925992590480846,-0.22921825115007421,-0.08664728387861546,5.701875870772024,4.140964782300901,2.417826425738429,1.6607214536352086,-0.46874751916773066,0.35351862946916535,7.984071940432238,2.294427465202184,0.8457102441648882,0.3007156930184973,1,1,1,1,1,1,1,1,1,1,0,-1,-1,-1,-1,-1,-1,-1,-1,-1,0.3642608839596093,CIN
TCGA-BR-8362-01,-0.2055,-0.0778,-0.1686,-0.1325,-0.1879,-0.3136,-0.147,-0.469,-0.274,0.0175,-0.3977,-0.2784,-0.2382,-0.0524,-0.4415,-0.1451,-0.3138,-0.2654,-0.2127,-0.1628,-0.1155,-0.1422,-0.2107,-0.6768,0.7543,-0.5402,-0.2621,-0.9104,-0.1781,-0.1265,-0.2079,0.0392,1.9604,0.3503,-0.6148,0.204,-0.6653,-0.2231,-0.2102,-0.0286,0.3224,-0.246,0.1367,-0.0701,-0.2373,-0.651318880482602,-0.7462207801598236,1.3096847828509735,-1.180166314403781,-0.5227171114418184,2.353393374681542,1.2975027082512653,0.8718498548704664,3.1767051494833045,-2.6905626949849095,0.7164711403624698,-0.007791021560294392,-0.03243246716439322,-0.24334649963728616,0.9666782240636074,1.8831113940902973,2.8237374070553045,1.3893458485519083,6.446759756466148,4.1766207000724105,4.752530948068552,2.0471006917513983,5.041064411515587,0.37669017880874206,1.9647490851673277,0.6321114924135324,2.8736995377719143,2.1125339953578655,1.173230360155646,3.0766602416463176,0,0,0,0,0,0,0,0,0,0,0,0,0,0,0,0,0,0,0,0,0.2692021188544943,GS
TCGA-BR-8364-01,-0.2045,-0.2003,-0.1308,-0.135,-0.1969,-0.8449,-0.1815,-1.2835,-0.2751,-1.2701,-1.1594,-0.2815,-0.2449,-1.2374,-0.8204,-0.0668,-0.3415,-1.0776,-0.2175,-0.2044,-0.1386,-0.0509,-0.2156,-0.6594,-0.1933,-0.7466,-0.2621,-1.4261,-0.1093,-0.0942,0.8511,0.4347,-0.8085,-0.5453,-0.887,-0.4622,-0.6855,0.4021,-0.0664,0.1147,2.3654,0.337,1.3905,-1.0368,-0.0695,-3.132731819266361,-4.377460033951332,0.5868299041632824,-10.009746201624711,-5.173019804462207,6.461986140264091,5.081036436001659,-3.2951745757322026,5.638660295770946,-1.8333676794082447,2.0462428313880885,-1.6908569150609718,-2.517109763094831,4.847770259622157,3.3548816724548294,2.7698524965950697,4.969601429465624,3.7183498956146748,2.9487195886145745,8.35324400097691,11.902536739683027,5.396768864053599,7.467077082872867,1.4957801794411982,2.6657611818510256,2.3998358226299623,8.546431550665869,3.9362893051611,1.4486724846872063,3.35957585636486,0,0,0,0,0,0,0,0,0,0,-1,-1,-1,-1,-1,-1,-1,-1,-1,-1,0.11128124482701539,GS
TCGA-BR-8365-01,-0.2063,-0.13,-0.1111,-0.1412,-0.1914,-0.958,-0.0562,-1.3706,-0.2664,-1.2521,-1.1993,-0.2815,-0.0974,-1.2576,-0.5399,-0.0548,-0.3415,-0.9993,-0.1959,-0.2104,-1.0947,-0.1381,-0.2156,-0.5696,-0.3586,-0.7703,-0.2624,-1.4673,-0.1469,-0.1176,2.4705,0.2757,-1.0346,-0.7663,-1.0356,-0.2925,-0.6604,-0.2383,-0.0696,0.2764,2.8483,0.8848,0.928,-0.9005,0.0524,-2.740989938757295,-3.8231783953830174,0.3154351167182376,-8.62530699667161,-4.619986328095945,5.114282831710198,3.6614084755877134,-2.8105930755469855,2.9822227388241553,-0.7438776386449365,2.6167257874012666,-1.8701413925811285,-2.161897606106067,5.071030768940246,2.1279986671133466,1.5728182578950425,5.24230206896883,2.6445291002695286,2.5421685054474534,4.144731174473457,9.584250295733284,5.729497870205672,5.324347670747547,1.3223320960075668,1.5562766728831552,2.2149137824635283,6.998181920046131,3.3370623691407726,1.674961020433142,3.0379086461929066,0,0,0,0,0,0,0,0,0,0,-1,-1,-1,-1,-1,-1,-1,-1,-1,-1,0.305413011090879,CIN
TCGA-BR-8367-01,-0.1961,-0.2047,-0.1737,-0.1397,-0.1963,-0.6923,-0.1454,-0.9776,-0.2166,-0.3353,-0.6647,-0.2815,-0.2384,-0.4935,-0.599,0.5525,-0.3259,-0.4753,-0.2287,-0.2103,0.2337,-0.1524,-0.1998,0.0891,0.153,-0.8379,-0.2612,-0.9503,-0.1831,-0.1018,0.1187,0.2193,-0.387,-0.1375,-0.5367,-0.2503,-0.6534,-0.0051,-0.1982,-0.1064,1.468,0.0061,0.1012,-0.5791,-0.292,-1.6873332017030767,-2.1214514617937303,2.8082539959871275,-4.638080170656509,-1.7409701341030472,4.5480733947709435,1.8183981627243675,-0.9629595735729142,2.7430186308559574,-1.9540003709531293,0.8820339037879168,-0.44385429050604097,0.11228962312662732,0.4476350748200761,3.093055976487358,2.136160063217284,3.0662506848918096,2.937393093719327,1.5694667502518476,3.181767141918963,10.218210956595046,2.742500819893373,6.610143430310679,0.4130823745233057,0.8054529999978143,-0.2211944989212332,6.511448927503134,3.3240321278373206,0.25453519846219025,4.5308266820243395,0,0,0,0,0,0,0,0,0,0,0,0,0,0,0,0,0,0,0,0,0.08301605694421453,GS
TCGA-BR-8369-01,-0.1947,3.8618,-0.124,-0.1338,-0.1914,1.9348,-0.115,-0.0207,-0.2309,0.326,1.3714,-0.2619,-0.2071,0.97,-0.5041,-0.1791,-0.2939,0.2693,-0.225,-0.2031,4.021,-0.0341,-0.2089,0.8176,3.8969,1.583,-0.262,-0.3742,-0.1277,-0.095,0.4149,0.5614,-0.0632,1.8868,0.2463,-0.2293,0.2095,2.479,-0.0723,-0.1484,1.0141,0.2771,0.5714,-0.1118,0.1412,-1.2312491590130337,-1.5301296502154504,-0.700874404724968,-4.2949348507699385,-2.372394937002824,-0.8125812711168588,-0.8861468028497884,0.9520553323282751,-2.1538453627188576,-1.029520150472762,-0.12927916266498546,-1.1722993766930776,-0.24451436486911476,-0.46124606621918374,-1.7671487756759994,-0.6177153963414511,-0.08373540871381957,-0.8116258307258204,0.29700756357967506,-3.791107823097579,1.6878853355327936,-0.4229977581640709,-0.16615649170837138,-0.9671306763251246,-1.8546326035514584,-1.3290578007362743,1.2719560230110118,-0.08018231832406542,0.7660169012166129,-0.5297907407951882,1,1,1,1,1,1,1,1,1,1,-1,-1,-1,-1,-1,-1,-1,-1,-1,-1,0.5506952491309386,CIN
TCGA-BR-8371-01,-0.2218,-0.1683,0.2379,-0.1412,-0.2001,-0.7765,-0.2512,-1.431,-0.2842,-1.3905,-1.1516,-0.2764,-0.2597,-1.3869,-1.0363,-0.1513,-0.3196,-1.2545,-0.2253,-0.2132,0.1024,0.811,-0.2092,-0.8234,-1.0849,-1.2973,-0.2624,-1.3643,0.6166,-0.1175,3.8185,0.6149,-1.2968,-0.1775,-1.5101,-0.5172,-0.5937,-0.7863,0.6795,0.3888,0.3959,3.2537,0.4648,-1.3237,-0.0869,-3.1176384236885926,-3.5842170638490782,1.8344729547740108,-7.996638573642077,-4.307712538158941,3.417062620367765,2.4776308096660427,-3.156169533355165,0.1919400169269448,-0.5702493970735766,2.0776308326588735,-2.1840654001621025,-1.2469465019822918,2.570346398840994,0.8813227695806892,0.36350055808451026,0.9774551132709826,0.9079408513631426,1.7159047863596955,-0.7891422831604791,3.2692820844771395,4.550692058161769,1.5820228235771316,-0.5756347742564328,0.7877468763902254,1.195542469909875,4.624170722232521,1.4356329931437315,2.866799017854326,-0.5160877796851369,0,0,0,0,0,0,0,0,0,0,0,0,0,0,0,0,0,0,0,0,4.138387684158252e-05,GS
TCGA-BR-8373-01,-0.0743,-0.2013,-0.1814,0.4871,1.0287,2.2101,-0.0242,0.0235,-0.261,-0.1003,-0.3414,0.5287,6.0248,-0.2031,3.4311,-0.249,2.4686,1.3618,5.535,0.3656,3.028,-0.163,-0.2156,1.649,4.9335,0.5571,-0.2043,-1.1992,-0.1876,0.0079,-0.1857,-0.2159,0.0773,0.8587,-0.1046,0.6341,0.5134,6.1669,-0.1272,-0.2093,0.1704,-0.3974,-0.3813,0.2618,-0.4496,0.03438779363021743,-0.6640259733294106,-0.17363155988011783,-2.658203793701859,-1.301991699554729,0.9646051784029331,0.497006306778298,1.4348430409759376,0.3609812222114911,-0.7129153970284692,0.5494003456216812,-0.08876709670630609,0.11022781122497698,-0.4620868200720913,-0.011496297670458594,-0.15624664808937214,1.25251805233507,0.9658655439618035,0.6438492430822821,0.8211765590884533,3.1621267066056493,1.3558121354442136,2.192641790519583,0.3121175226769411,-0.0020929132633128213,-0.21776954611436344,1.5719876672097581,1.4150734862031014,1.2010351802650718,0.5685383087341264,2,2,2,2,2,2,2,2,2,2,-1,-1,-1,-1,-1,-1,-1,-1,-1,-1,0.5512332395298791,CIN
TCGA-BR-8380-01,-0.2152,-0.1953,-0.1391,-0.1348,-0.199,-1.0332,-0.2183,-1.0256,0.0076,-0.9856,-0.8588,-0.2725,-0.2545,-0.8823,-0.7362,0.1707,-0.3279,-0.7592,-0.2296,-0.2129,-0.4925,-0.1205,-0.1961,-0.7595,-0.425,-1.0682,-0.258,-1.2959,-0.1285,-0.1167,3.0637,0.0379,-0.7952,-0.9504,-1.0563,-0.3868,-0.7089,0.218,-0.0914,0.2871,2.6917,0.4792,0.0104,-0.6324,-0.0203,-2.1556017660189064,-2.7742527145303915,1.3742760443888022,-6.428589129558861,-3.041975491618847,5.03571498439251,2.359352190159094,-2.166452377001006,3.7056486354913805,-1.1767337889366003,3.0259790915585016,-2.0096429579704673,-0.6818935064857522,3.950480979708413,1.761006753638619,0.8470869881163069,4.2438012164575145,4.932054800651273,3.2038775648864437,2.980403598943052,9.549644877555444,5.394090014424425,5.804956153089469,0.4173734422756184,0.21578518234872093,1.392277077556554,8.915775421261179,3.917021692997983,1.1498474451684777,2.0201355596246717,0,0,0,0,0,0,0,0,0,0,0,0,0,0,0,0,0,0,0,0,0.0,GS
TCGA-BR-8384-01,-0.2218,-0.0183,-0.145,-0.1405,-0.1955,-1.2064,-0.2654,-1.3638,-0.2728,-1.3892,-1.2587,-0.2815,-0.26,-1.361,-1.0462,-0.1009,-0.3415,-1.1434,-0.2416,-0.2111,-0.7193,-0.1151,-0.2156,-0.9368,-0.0317,-1.1346,-0.2624,-1.6614,-0.1592,-0.1192,2.6787,0.7807,-1.0786,-0.9382,-1.4161,-0.4436,-0.7153,-0.137,-0.1508,0.3427,4.5717,1.1121,1.8186,-1.102,0.9169,-3.13959574165265,-3.858478343511373,0.5403973848045374,-8.927182057567514,-4.709863980931033,6.962299505049083,4.155211037805706,-2.54853810733918,4.235100566435546,-1.5398233215348816,3.8505693365456195,-1.7454043463178595,-2.779063861666981,5.952347067005906,3.2357285922057373,2.2186591019975466,6.101083210190934,3.708586966664097,1.545490527219591,7.344129985343428,13.257295764322945,6.0773404241901785,7.606590581061573,3.215707134086537,1.4961948934380955,1.9329383345005025,10.627614630875605,3.949939191326698,2.196747449175666,3.9848589837814523,0,0,0,0,0,0,0,0,0,0,-1,-1,-1,-1,-1,-1,-1,-1,-1,-1,0.07084919715278927,GS
TCGA-BR-8483-01,-0.0677,-0.2139,-0.1933,-0.1407,-0.2001,5.7097,0.0958,3.4087,-0.1459,1.1146,5.1192,-0.2456,-0.2566,1.9058,0.4054,0.1195,-0.3415,2.2888,0.9218,-0.056,12.5969,-0.1814,-0.2156,2.3931,9.1418,5.046,-0.2529,0.7432,-0.1891,-0.1159,-0.3912,-0.3394,1.2027,6.3839,96.6392,0.2966,4.0946,4.6733,-0.2395,-0.4142,-0.6668,-0.4546,-0.4885,1.8889,-0.5793,3.191290046397696,3.1430143909531347,-0.11660478208622128,0.49438502861314865,0.07878041511593867,-0.5177136628134597,-0.40509531602998716,0.5100702215043191,-0.9494345778108384,0.32951322834887403,-0.42224245255762904,-0.23557446172602167,0.14132313986566233,1.9012776760054906,-0.6857475736934467,-0.39932448427102046,-0.3575124117302203,-0.509292740107365,-0.1005395895318695,-0.9108077861137712,-1.352600726395567,-0.6657265930379227,0.06036750240014388,-0.20496644312095,-0.4129775278750874,-0.4311330938879397,-0.5147460752765665,-0.5177315724906485,-0.3131373822304876,-0.32233588392666707,1,1,1,1,1,1,1,1,1,1,-1,-1,-1,-1,-1,-1,-1,-1,-1,-1,0.6439745075318656,CIN
TCGA-BR-8484-01,-0.0697,-0.1894,-0.0943,-0.1412,-0.1982,1.5081,-0.2581,0.4271,-0.1678,0.6945,3.3694,-0.2815,-0.2614,0.3313,-0.362,-0.2165,-0.3415,-0.0462,-0.1473,-0.2119,4.2136,-0.1011,-0.2156,1.6267,4.2698,-0.2177,-0.2624,-0.508,-0.1407,-0.125,-0.3606,-0.094,-0.2133,1.7142,-0.4707,0.2703,-0.5315,3.5348,-0.1502,-0.2235,0.0401,-0.0588,-0.4912,1.3083,-0.4321,0.29119820516068273,-0.3137451510043584,-0.6625496700465371,1.012656648525519,-0.10298055951963929,-0.18840974409195904,1.9093061226192887,8.7952687598919,-0.6120034537855445,1.7993066505820712,-0.0545141511746122,0.315792220581692,0.20944030900188237,-0.10367188254631211,0.4660823367744482,0.24380486661399964,-0.1363869735711541,0.48809372897540326,0.02352735665229518,2.2896325306383174,1.90836359049332,-0.3319721777586321,2.8172663413614,0.1061121183641347,0.6000385701623642,-0.6966114051880594,0.95765070746266,-0.364463051219003,0.7732677219361465,-0.5682781193351643,1,1,1,1,1,1,1,1,1,1,-1,-1,-1,-1,-1,-1,-1,-1,-1,-1,0.5818573083926503,CIN
TCGA-BR-8485-01,-0.202,-0.1918,-0.1382,0.369,7.6112,4.9792,0.3641,3.5859,-0.1968,2.8828,2.2609,0.3228,7.2269,3.9987,2.1298,-0.0888,0.6092,1.0046,1.7627,-0.1944,8.8735,-0.1109,2.6197,5.4889,8.2802,-0.6731,-0.2038,-0.3692,-0.1764,-0.1146,-0.3563,-0.1892,0.7789,5.0929,-0.5581,3.0096,0.9524,4.4453,-0.1516,0.0453,-0.1257,-0.2876,-0.3136,1.3362,-0.4191,0.551578255732781,0.4270230436900072,0.055639904464206476,1.5819754350433413,0.494686873798728,0.14773322646789058,0.29235490571173245,1.40828179761485,-0.7524702169002543,-0.18954113008242168,-0.11011624519058903,0.003513208056723121,0.029432314224229178,-0.38387398776382087,-0.12135931294808078,-0.2960229843196896,0.42806418695040394,0.170616404631654,0.21411419687476854,-0.7468806298999984,0.2123408012877546,-0.18929312796968745,0.010536536543278713,-0.3886288531114721,-0.27522369216204884,-0.018138583167191524,0.0321085003496173,0.05655761681850507,0.2169452627547675,0.20139413461028685,1,1,1,1,1,1,1,1,1,1,-1,-1,-1,-1,-1,-1,-1,-1,-1,-1,0.7707747061744744,CIN
TCGA-BR-8486-01,-0.1973,-0.204,-0.1516,-0.1325,0.0731,2.2698,-0.023,0.0882,-0.1193,1.3998,1.452,-0.2673,2.5118,0.7284,1.7175,-0.2024,-0.1841,0.9403,-0.1074,-0.1549,0.7549,-0.1748,1.9502,-0.7793,15.7841,2.8664,-0.2624,0.5751,-0.1751,-0.1229,-0.2106,0.0568,0.2428,0.9413,0.8233,0.353,0.3284,10.2297,-0.2062,-0.2228,0.2288,-0.0407,-0.4937,0.9209,-0.5096,0.8601660155019071,0.37433289077847476,1.3207177490254676,2.10575281045149,2.1165732865368936,-0.3666833467262987,0.002511671237469589,0.6622419278276944,-2.477563425696906,2.1195228460820656,0.8026727625539275,0.07840296587133677,0.3841148387283153,-0.9574184650917473,-1.2865471418020287,-0.35873427142505315,-0.12497452176352354,-0.924454242828107,0.14596019229525412,-2.043766748853247,0.057148379213913206,0.2680980199593738,-1.2445546469953435,-1.2259395238150592,-0.8747498472161527,0.18126938045617777,-0.37786119003992985,-0.24912536012213254,-0.4066068206464227,1.9666993345555601,1,1,1,1,1,1,1,1,1,1,-1,-1,-1,-1,-1,-1,-1,-1,-1,-1,0.6020526402913425,CIN
TCGA-BR-8588-01,-0.1988,-0.2109,-0.0713,-0.1399,-0.1798,0.0104,-0.1612,0.2862,-0.1994,0.2003,0.1201,-0.2815,0.018,-0.1004,-0.1401,0.0977,-0.3415,-0.0373,-0.2336,-0.2082,-0.0288,0.0092,-0.2156,0.1545,-0.4479,-0.833,-0.2624,0.5501,-0.042,-0.1267,0.2651,-0.0281,-0.1382,-0.1866,-0.1643,-0.5152,-0.6073,0.0773,0.1004,-0.1516,0.349,0.2868,-0.0047,-0.097,-0.148,0.3822579652282904,-0.5016650132982146,0.9661600138385524,1.7820156746658635,1.4661730319549788,0.3994546163034382,1.7923223196574296,1.768846761244664,2.2604282153107125,0.956212257178688,-0.48471840977544206,0.9044618924422889,-2.918608520535269,0.24370541848540342,-0.35568276516868025,1.0686081681615802,0.7515176093258563,0.20803513031066032,0.20649317006654483,2.6693311277906075,2.5129419250856855,1.1349730281100694,2.313982485829239,-0.322226109456967,0.5447310230809855,1.2070108714966679,2.585999154579327,2.9692187786701654,0.09411718518988064,1.1754995403824773,0,0,0,0,0,0,0,0,0,0,0,0,0,0,0,0,0,0,0,0,0.21192683330574408,GS
TCGA-BR-8590-01,-0.1823,-0.2071,-0.1088,-0.0545,-0.1869,1.1341,-0.0258,-0.8585,-0.2341,0.2556,0.5452,-0.2746,-0.213,-0.3015,1.648,-0.0304,0.6432,-0.193,-0.1735,-0.1867,4.1855,-0.1036,-0.1772,1.4684,1.719,1.0268,1.7794,0.2912,-0.1514,-0.1147,0.2781,-0.1239,0.1594,0.9647,0.1241,-0.2607,-0.3834,1.4654,-0.0582,-0.1456,0.694,0.2325,-0.1455,-0.0929,-0.2882,-0.7779142959438852,-2.2706648244606673,-0.2895579170161466,-4.088491114663994,-2.5133628983155134,2.572705091605252,1.5654223759492085,-0.7818621398248995,1.6282399255446875,-0.5853569511577166,1.1385925694364876,-0.6108959770229687,-1.385849726991094,1.8046165912542094,2.2700206311824216,1.381204946220273,2.2025719044023315,1.6955063708886757,0.7906345041465948,5.304073084930236,5.9301673436085505,0.696933924646045,4.898666461680118,-0.19615283553188145,1.6875994496243627,1.1357665204914915,3.492525481014918,2.010679763780039,0.8310428331991141,1.928352454654655,1,1,1,1,1,1,1,1,1,1,0,0,0,0,0,0,0,0,0,0,0.07515312034431386,GS
TCGA-BR-8592-01,-0.1966,0.4378,-0.0577,-0.1404,-0.1905,-1.0342,-0.1896,-1.3549,-0.1478,-1.1717,-1.1062,-0.2815,-0.2605,-1.2464,-0.8258,-0.1321,-0.3415,-1.0605,-0.2003,-0.2134,-0.4965,0.0975,-0.2156,-0.8493,0.0203,-1.3049,-0.2624,-1.3973,-0.0531,-0.1257,1.8164,0.2382,-1.0479,-0.6085,-1.2403,-0.3848,-0.5741,-0.6551,0.0424,0.4283,2.2134,1.8117,1.1097,-1.2395,0.2186,-3.191984841329354,-3.9991869412722596,2.581959470185835,-9.482962431775867,-5.0763157427565115,6.0389258960161465,4.303381763343575,-3.298496279783801,2.7325180859050544,-2.139333483519112,2.320021222720636,-1.850634293391034,-1.5410178297240325,4.515462169557853,3.0447909190786473,1.7008173587180175,3.3639955849766268,4.113115896083463,2.435935913202828,4.726657032746226,9.38923586776489,5.790949710690268,5.23311547104875,0.5474473585121171,2.158037112627189,2.428628955130432,8.597094493378195,3.5349527330260004,2.5645497457287156,3.3303757460072716,0,0,0,0,0,0,0,0,0,0,0,0,0,0,0,0,0,0,0,0,0.00024830326104949513,GS
TCGA-BR-8677-01,-0.2146,6.6989,-0.1581,-0.1405,-0.1892,2.5686,-0.2682,1.1128,-0.1911,0.8725,0.8083,-0.2797,-0.2139,0.1423,0.1019,2.9471,-0.3415,-0.3617,0.0414,-0.2103,4.1252,-0.1619,-0.2156,1.9244,3.081,0.4098,-0.2168,0.3727,-0.1689,-0.1203,-0.1081,1.1736,-0.0091,2.3765,-0.1259,-0.1864,-0.1374,2.5099,-0.197,0.0135,0.4238,0.0406,1.2407,0.4834,0.5113,-1.0117278306502238,-1.3374862627078397,-0.3247504717789988,-1.106253711144406,-0.03588409651762365,1.6070497433630349,2.941512601111913,-0.0026336344043604845,1.7047669451360785,-0.6460818751660901,0.593903385862908,-1.3851438548780601,-0.7612808735542419,1.6529061512352408,-0.027718873927356412,-1.8047095428830429,-0.7090914052394366,-0.5803656618388351,-0.43710309812487436,-1.4381273304612168,-0.5720238387634086,0.44037411742905996,-1.2172433273280245,2.1519237500730215,0.5431194940536833,-0.22704199345452292,1.2558151726762032,1.8138572747620343,1.141431748441715,3.814217789690579,1,1,1,1,1,1,1,1,1,1,0,-1,-1,-1,-1,-1,-1,-1,-1,-1,0.16392153616950836,GS
TCGA-BR-8678-01,0.4838,-0.2088,-0.1891,-0.1391,-0.1769,6.3178,-0.1442,2.162,-0.2912,1.5515,2.9906,5.1367,5.3696,3.3008,4.3139,-0.2866,-0.0835,3.625,0.9265,6.4655,2.5731,-0.1795,0.408,3.9422,4.4544,-0.1984,2.5275,-0.7213,-0.1902,-0.0102,-0.4418,-0.3734,1.6499,1.8675,1.6869,0.248,0.3999,4.7676,-0.1925,0.0474,-0.6866,-0.4713,-0.5998,4.6621,-0.5258,1.4603536033485243,1.6508576244171305,0.3494646898451307,4.49377717787819,1.5684801428539452,-0.7506092541275522,-0.8093528605547394,1.8605630834008287,-1.4394475184059536,0.891495097981468,-0.05037002967870805,0.220159261881399,0.8981603704037916,-0.5571638674946854,-1.0749738179486497,-0.7215331627601715,-0.3384542738420411,-0.5956522938757652,-0.7505398072218112,-2.1079015761093713,-1.1721216165640653,-0.7594016190548232,-1.053786259625072,-0.6666720681185462,0.22177773504090073,0.9869641646458093,-0.9437660335557496,0.7827289504583074,0.2377982958939423,-0.3699942260275811,1,1,1,2,1,1,2,1,1,1,-1,-1,-1,-1,-1,-1,-1,-1,-1,-1,0.6315179606025493,CIN
TCGA-BR-8679-01,-0.2004,-0.1968,-0.1875,-0.141,-0.1979,4.6463,-0.1519,2.1609,-0.2487,2.1467,4.9812,-0.2813,-0.2408,2.5113,0.1315,-0.0674,-0.3415,0.5633,-0.1249,-0.1447,7.0316,-0.182,-0.2092,4.0113,8.2584,-0.0419,-0.26,-0.0358,-0.1885,-0.125,-0.0954,-0.2087,0.6809,4.7276,0.9626,0.346,-0.6823,4.4245,-0.2419,-0.3191,-0.2268,-0.469,-0.4053,1.1507,-0.4623,1.5719949565785147,0.7993102090099312,-0.4658162347800624,4.957545310293516,1.8825969522037578,-0.37761794375069313,-0.8862611053664098,6.015377477844932,-2.471090580055445,2.95532488241518,-0.24566794314419618,4.119169525116435,0.4163709898957361,-1.5170353980034583,-1.609627294648945,0.6635020237941378,-0.435315475979512,-0.47156263200156745,-0.09567765183094061,-1.9624658695640076,0.7733449349087677,-1.769023316863228,-0.3867450556954854,-0.20145678989840174,-1.3788605037623247,0.8743604621027563,0.4901772408589117,-0.13644768816103947,0.7309955659864242,0.02744040356461608,1,1,1,1,1,1,1,1,1,1,-1,0,0,0,0,0,0,0,0,0,0.5624896540307897,CIN
TCGA-BR-8680-01,-0.1899,-0.1905,-0.1911,-0.1399,-0.1959,2.0615,-0.0518,0.9397,-0.2232,1.2658,0.911,-0.2659,-0.2195,2.0459,1.7266,-0.0418,-0.2225,0.9819,-0.2125,-0.2014,1.4355,-0.1661,-0.189,1.6301,2.9594,0.3911,-0.2624,1.4942,-0.181,-0.1267,-0.333,-0.4131,0.3991,1.1,1.3217,0.0628,-0.4804,2.6473,-0.206,-0.0908,-0.7848,-0.567,-0.5668,0.6391,-0.5171,0.7593442952901793,2.9325512988531224,0.03310074975781765,10.595502893906753,4.822917468255865,-4.891981956982409,-3.5693005016114823,1.3521333251203653,-3.937397543242777,2.1869803349154067,-1.8923588430608878,-0.1843855644748141,0.9913019652243462,-4.958014302225066,-3.793847749943236,-2.436081391642467,-2.638870658332585,-2.121623332528162,-2.0071590873667295,-9.697075588719354,-7.306348175582767,-3.3264629140462953,-5.7493506337265865,-0.2756996110792069,-2.161470244485087,0.0946892379683843,-4.024832968782336,-2.6285256235307797,-2.8357540430694694,-3.1983263142471454,0,0,0,0,0,0,0,0,0,0,0,0,0,0,0,0,0,0,0,0,0.1250206919384208,GS
TCGA-BR-8682-01,-0.1871,-0.1576,-0.1386,-0.14,-0.0088,0.247,-0.2585,-1.0046,-0.281,-0.7264,-0.8065,-0.2815,-0.2616,-0.8529,-1.0457,-0.1033,-0.3415,-0.5233,-0.2274,-0.2102,2.8388,-0.1093,-0.2156,0.0673,5.7079,0.9026,-0.2624,-1.5556,-0.1534,-0.1248,0.749,0.2951,-0.9251,1.4193,-1.2627,-0.5103,-0.4961,2.0186,-0.1491,-0.1342,1.1324,0.246,0.7705,-0.9747,0.8562,-1.4147954743492677,-1.7961113433441716,0.5642742561568849,-2.995954097864202,-1.8289566840273894,1.9793980755057778,0.9642225981406204,0.645186084947974,0.21920139722150714,-0.794808594310492,0.5262606699275124,-0.9013481185897524,-0.32764124130974276,0.7267957739416342,1.1566692652781827,1.2352013823625174,1.352401574511296,1.260182211027764,1.074986788603952,3.028550541966958,4.68824579392627,4.488530935613407,3.6900188944415424,0.36970667435904303,0.6487669740190392,0.29448909206943935,2.444014341528362,1.1428855770975908,1.0850921494107522,1.77441281080109,1,1,1,1,1,1,1,1,1,1,0,0,0,0,0,0,0,0,0,0,0.2724714451249793,CIN
TCGA-BR-8683-01,-0.151,-0.1868,-0.1609,-0.1353,-0.1932,1.8778,-0.0522,0.2241,-0.2355,1.1326,1.0709,-0.2755,-0.2441,1.0934,-0.4094,-0.1716,-0.322,0.1024,-0.0537,-0.2023,5.2038,-0.1079,-0.2133,2.3984,8.8909,1.4259,-0.2598,-1.33,-0.1621,-0.1243,-0.1028,0.0502,0.5341,1.8364,-0.6581,0.9697,-0.1317,5.6154,-0.1783,-0.1825,-0.0877,-0.1784,-0.387,0.3156,-0.5121,-0.6652482429902336,-1.5208855220785116,-0.46504889633057345,-1.4842789780512027,-1.5643625350518073,1.8118744901359585,2.0682255472195927,0.29852002075523415,-1.8846104924179405,-1.0515390473937998,0.28108454041307007,-0.3923580433263263,0.12105580742884264,1.387190823856833,0.5181529963192326,0.6955658647583528,0.7538616872743297,-0.13633521221065495,2.507869076012226,-0.3358897372547106,4.174972592620679,1.7791206080101292,2.156510020000938,0.13044895418825603,-0.5088633149198306,-0.17426694130581913,2.126448569436482,1.0657861637620984,0.8371342853459626,1.7833147542178045,1,1,1,1,1,1,1,1,1,1,-1,-1,-1,-1,-1,-1,-1,-1,-1,-1,0.5240854163218011,CIN
TCGA-BR-8687-01,0.0485,-0.2144,-0.1889,-0.1401,-0.1886,0.4405,-0.117,-0.7209,-0.2891,7.2335,-0.3643,-0.2351,-0.2533,-0.8913,0.3776,-0.2815,-0.1268,-0.5119,0.1079,-0.2027,1.4814,-0.1815,-0.2019,-1.1656,29.0341,-0.5191,-0.2502,-0.2128,-0.1915,-0.1254,-0.4938,-0.3764,-0.4057,-1.1871,-0.5088,-0.4817,1.0745,3.1017,-0.2272,-0.3742,-0.4916,-0.511,-0.4423,-0.5205,-0.5467,0.2832288508745819,0.9749919240508391,-0.19647021702622589,1.172239675167721,-1.0366069900142945,0.23348812737904967,-0.8747010736675728,0.3072004102685806,-0.8268951271358851,-0.9421308009752337,-0.4205673165847683,0.32479398635161927,0.3859395311967066,-0.7748024069214305,-1.3936523639536886,-0.42786689330756517,-0.047918107738219105,-0.3619465524048474,0.32993328111089404,-2.7178675074745327,-1.2014336769488059,0.3757124815935932,-1.1940621255794737,1.1796031364006994,-0.869412366938173,-1.2769659759297567,-0.8958969837006722,-0.8935633852168505,3.43087622233194,-0.4938902891799737,1,2,2,2,1,2,2,1,1,1,1,0,0,0,0,0,0,0,0,0,0.6201787783479557,CIN
TCGA-BR-A44T-01,-0.2218,-0.0745,1.7507,-0.1412,-0.1975,0.0651,-0.1774,-0.6617,-0.2625,-1.0669,0.4771,-0.276,-0.2365,-1.0593,-0.7258,0.2689,-0.3415,-0.8685,-0.2027,-0.2074,0.988,2.9855,-0.2156,-0.878,0.2046,-1.2021,-0.2624,-0.5857,3.5455,-0.1267,1.4063,1.4407,-1.0551,0.7038,-1.2597,-0.4556,-0.5223,-0.5783,2.3078,1.6397,1.221,8.551,0.1494,-0.6932,-0.4114,-2.952981119415862,-3.3642356949272165,0.49261401932962695,-8.617244532221504,-4.228014078680366,2.697197610831776,3.132437578468386,-1.6514249443312718,-1.4524763943126224,-2.990576953725114,2.2409951712709453,-3.164817403503491,-0.911349003336278,2.6504850583584663,6.318334057140343,-0.4930970207804535,-0.9010148368610384,-0.0841744742412987,0.8471394673658256,3.9024811425144654,1.6908081359147007,2.745238273244962,2.9763469353091505,0.21378683457262893,5.758327748691088,2.395381689661248,2.3008489273366304,-1.3452027223351837,2.8168699081474875,-0.6680944079863872,0,0,0,0,0,0,0,0,0,0,0,0,0,0,0,0,0,0,0,0,0.0018622744578712133,GS
TCGA-BR-A452-01,-0.1903,-0.2082,-0.145,-0.1141,-0.1903,10.5643,-0.1211,6.2215,14.3623,1.8381,14.2577,-0.279,4.7071,2.2109,6.0257,0.0373,-0.3415,1.8689,7.8385,3.6731,6.8931,-0.1051,-0.2156,3.0088,5.6048,1.1579,-0.2624,0.0707,-0.0985,0.289,-0.6269,-0.3931,2.4902,5.3858,2.2294,3.1911,1.0423,5.3722,-0.1191,-0.4436,-0.7572,-0.3624,-0.6056,2.7327,-0.4922,1.6117245515367247,1.4710366623288982,-0.741709691000526,4.129182616279339,2.1565732813359157,-1.643563453243823,-1.8783997364677945,1.4365442086394742,-2.9141197745370095,1.1531832958833703,-0.5908641620197504,-0.29961770098917867,0.5271078796834987,-2.005395165071999,-1.960509501238299,-1.7041809319550325,-0.28301655839983286,-0.2695981120384976,-0.6074121258594735,-5.043056209956511,-4.035896611281798,-1.4583071486525687,-3.464623743267958,-0.8882331969383862,-1.1028592343757515,-0.0424899013826503,-2.027079823549565,-1.4808848185239285,-0.42125788933699143,-1.66712135501229,1,1,1,1,1,1,1,1,1,1,-2,-1,-1,-1,-1,-1,-1,-1,-1,-1,0.5706422777685813,CIN
TCGA-BR-A453-01,-0.2197,0.5782,-0.1554,-0.1412,-0.1983,-1.4432,-0.2564,-1.1922,-0.2479,-1.3175,-1.4203,-0.2788,-0.2601,-1.2644,-0.8318,-0.0943,-0.3415,-1.0454,-0.2416,-0.21,-1.5964,-0.1647,-0.2156,-1.0251,-1.562,-1.4135,-0.2624,-1.2856,-0.1746,-0.1247,0.9924,1.002,-0.8083,-1.9337,-1.4517,-0.5035,-0.6239,-1.4601,-0.2317,0.668,1.1788,2.0106,6.1893,-0.7609,1.9081,-2.539643994235486,-3.0872286715070616,0.4014943432884178,-8.362733080440847,-2.9011198730454764,2.324046453099095,1.7866837688432762,-3.6814759653089992,1.9040383122259201,-1.6684494112167016,1.141140043888147,-1.4338828086607782,-1.0127947206207928,1.6846940504235357,-1.0825605015729738,0.36986698362534254,2.931750726347768,3.883017803891862,0.7453762746262337,-1.232083420267947,2.5366193285536673,3.730484820072018,-0.6048056980972584,-0.1669594444683323,-0.5955894581161224,-0.5801276255975212,5.8312796876608735,2.3504615739543553,1.0324671524155087,0.1605284538523904,0,0,0,0,0,0,0,0,0,0,0,0,0,0,0,0,0,0,0,0,0.07540142360536335,GS
TCGA-BR-A4CR-01,1.1538,-0.2144,-0.1955,-0.1409,0.5084,2.9726,10.1975,0.6539,-0.0989,1.1954,3.0816,-0.2815,0.2254,2.8056,1.1616,-0.0646,-0.3415,3.688,1.4209,-0.1826,1.4014,-0.1739,-0.2156,2.4267,3.8792,0.4812,-0.2624,0.1042,-0.1901,-0.1165,-0.5143,-0.3272,-0.1866,-0.6404,2.8649,-0.4818,-0.1746,2.8129,-0.0928,-0.3967,-0.5799,-0.5949,-0.5975,4.4033,-0.5739,0.18049620611663234,0.11136132798294146,-0.06343865507669531,0.14138226228563314,0.09704409136945967,-0.1746385633920709,-0.1307979628722354,0.15926686631502898,-0.22742588531910155,-0.08530887001286638,0.03154735677129803,0.09695152620729167,0.10775759946350415,-0.2317811638363573,-0.2661960081552731,-0.2709793119936292,0.9667424543289186,1.1336034609445238,-0.04701200709066756,-0.5211540995285799,0.1717387675507817,0.22687435070712694,-0.2665710985086896,-0.13557939950002706,-0.040293673210749184,-0.1999262731360448,-0.15366594453817034,-0.2001877462133213,0.19035189295952198,-0.02312305938745074,1,1,1,-1,1,-1,-1,1,1,1,-1,-1,-1,-1,-1,-1,-1,-1,-1,-1,0.5961761297798378,CIN
TCGA-BR-A4CS-01,1.0848,-0.187,-0.1845,-0.0248,1.9811,2.1685,6.9867,3.3479,3.243,0.5966,4.0576,-0.2679,-0.2605,0.544,-0.5634,-0.0118,-0.3415,0.5834,1.5433,0.0755,5.9788,-0.183,0.4855,0.501,12.3615,-0.5137,-0.2624,3.021,-0.1899,1.6592,-0.5223,0.0318,0.9192,6.635,-0.6414,0.0769,3.6058,3.4195,-0.2421,-0.4156,-0.4487,-0.4255,-0.3324,1.2453,-0.4413,-0.3562927855445485,-0.42587501500217917,-0.11296785656912361,-1.129590285187541,-0.42648367552318006,-0.8726829785013599,-0.5014433867813538,-0.2922211781667129,-0.6781514460888662,0.30489340041318447,-0.4393002672222092,0.3771752018521916,0.011374544018529857,-0.6500690196234873,-0.7291940421987447,-0.4499215264777213,-0.43800270386319023,-0.46279390112004254,-0.11118107169699319,-1.2497938136838813,-1.7863462173126634,-0.8307902771845141,-1.755876609468429,0.09838528549418638,-0.5304856540044346,-0.6297474868557749,-0.9396082118082714,-0.6210369672321813,-0.4198070434217196,-0.2861288206258492,1,1,1,1,1,1,1,1,1,1,-1,-1,-1,-1,-1,-1,-1,-1,-1,-1,0.6839927164376759,CIN
TCGA-BR-A4IU-01,-0.2218,-0.2097,0.1174,-0.141,-0.199,-0.3901,-0.256,-0.7048,-0.293,-0.5347,-0.5342,-0.2815,-0.2622,-0.6987,-0.6997,-0.0927,-0.3415,-0.8209,-0.2408,-0.2114,0.325,0.2181,-0.2156,-0.101,0.7067,-1.1179,-0.2624,-1.1224,0.3146,-0.1232,1.7009,0.5216,-0.2635,-0.1943,-1.2669,-0.394,-0.6188,-0.2993,0.2904,0.4491,2.5249,2.0814,1.523,-0.8636,0.3504,-3.481993047338395,-4.320456083149667,1.542086396062381,-9.227715998741,-4.8400209248107116,5.569489246793401,4.310530201490498,-2.7056816595012445,1.572340768708052,-0.2996041666362931,3.0609373591415445,-2.3090074870094432,-1.3043443512701693,4.144237075056827,3.348792235692886,2.8712283161581507,3.132006053813714,1.2142547621728335,1.3177083655318398,5.450300775697189,9.689692159662918,4.35479126803501,5.376147364879405,-0.05747865537445771,2.50275327167811,2.0759507260346477,9.588843458416788,2.633091707709034,2.007358611251385,1.4301948826919573,0,0,0,0,0,0,0,0,0,0,0,0,0,0,0,0,0,0,0,0,0.056075153120344313,GS
TCGA-BR-A4IV-01,-0.2218,2.011,-0.154,-0.1412,-0.1974,-1.4484,-0.2504,-1.3721,-0.293,-1.3971,-1.5623,-0.2815,-0.2617,-1.3624,-0.8073,3.9178,-0.3415,-1.1277,-0.2212,-0.2098,-0.9192,-0.1463,-0.2156,-1.0742,-1.3415,-1.3663,-0.2624,-0.7917,-0.1595,-0.1267,2.1251,0.6115,-0.8365,-1.0512,-1.4137,-0.4704,-0.6566,-1.3042,-0.2219,0.5797,1.0948,0.5609,1.016,-1.2818,-0.0728,-2.9606081657507906,-3.9695276235964916,0.5920413301322087,-11.071658797237147,-4.27106457655505,4.848965939339476,3.030451565221065,-3.6275023900863292,2.484981260129598,-1.6389444988117692,2.401668974702358,-1.3589278319531848,-0.6727178745895533,3.6498664711856015,1.340691338410877,1.646672536208503,3.5455916715164872,1.3438525690348937,1.2345948796888404,2.4266052134894065,7.709969615632307,4.459282861141504,2.416284263269179,0.33670627430666633,-0.4204362665765451,0.7087529481392316,7.746641614349012,3.6369559582171913,1.2348278819034901,2.322222246746253,0,0,0,0,0,0,0,0,0,0,0,0,0,0,0,0,0,0,0,0,0.0015725873199801358,GS
TCGA-BR-A4IY-01,-0.0308,-0.2109,-0.1469,-0.1312,-0.1546,1.787,-0.0773,1.3925,-0.2917,1.3384,-0.1964,-0.2786,-0.2598,0.416,-0.131,-0.2355,-0.3317,0.668,-0.187,-0.1824,2.536,-0.1697,-0.211,1.8268,0.662,0.5459,-0.2604,-0.459,-0.1764,-0.0802,-0.4317,-0.2694,5.4277,0.0278,-0.2123,0.6714,-0.5849,1.4035,-0.1996,-0.2154,-0.5432,-0.4184,-0.0674,-0.4417,-0.4817,0.41163626898703753,-0.040057609439549016,-0.4258633507840476,2.73525207060672,2.440025962758697,-0.15423712785960123,-0.2723804417979855,-1.171408597360992,5.174619251212474,0.042060262487098085,-0.5519432498434195,-0.41940477670043436,-0.4165043664455715,-0.27940832095509205,0.9196483222137187,-0.14778867549637248,0.05437056024194748,0.14906841908417942,0.12955440183892358,0.619809773939931,-0.16753128249109114,1.1333643498451675,-0.6124867161885308,0.8023331261117491,0.38892868985779483,1.7311556379567998,0.20586727139253005,0.9795749526824251,-1.4081275923555026,-0.437833371820973,1,1,1,1,1,1,1,1,1,1,-1,0,0,0,0,0,0,0,0,0,0.40063731170336037,CIN
TCGA-BR-A4IZ-01,-0.2218,0.9759,-0.0978,-0.1349,-0.1978,-1.3905,-0.2552,-1.1718,-0.2245,-1.3055,-0.8897,-0.2769,-0.2601,-1.1417,-0.8461,9.7409,-0.3415,-1.0141,-0.239,-0.1784,-1.3722,-0.1037,-0.2156,-0.8723,-1.3624,-1.088,-0.2624,-0.5382,-0.1191,-0.1192,-0.0726,0.6416,-0.8572,-1.4738,-1.0905,-0.4372,-0.7029,-0.8048,-0.192,-0.091,1.3848,0.1331,5.6169,-0.6153,0.5091,-2.224962453298063,-2.8783561993602067,0.8587028165558024,-7.4049680104247395,-2.50909458840053,4.032495194867111,3.666345121615562,-3.8083228522101713,3.880949170888771,-3.2239761861703045,0.1144134806866705,-1.3037380828092835,-0.9607161154528502,2.078939716227346,0.5305669374646331,-0.11302391587806496,2.077818258551362,3.472690792058536,1.1215044257850149,2.6077069973882785,5.20327340546907,2.548748019789191,1.6134105860145629,-0.0009801867321581421,0.7082888229432012,2.4160492914961225,4.417024446140577,2.5114683496225787,1.567649031253023,3.3887809481267706,0,0,0,0,0,0,0,0,0,0,0,0,0,0,0,0,0,0,0,0,0.0002069193842079126,GS
TCGA-BR-A4J1-01,-0.2138,-0.2106,-0.1911,3.3529,8.7403,6.7379,0.9043,8.9488,6.9413,5.3608,3.6996,4.5192,10.1437,4.6639,3.4736,0.3611,0.4173,2.054,0.8625,-0.208,9.3211,-0.1835,7.0212,4.037,5.8431,1.2168,3.5416,2.0325,-0.19,-0.0176,-0.4808,-0.3954,1.6505,4.2177,2.9589,12.7958,1.1999,5.643,-0.2357,-0.4627,-0.6847,-0.4925,-0.4562,2.8082,-0.4862,0.7274066531468847,1.067004972041762,-0.15821815713446838,3.5403708519174835,2.3656525534088044,-2.1141509872292708,-1.6685152366838416,2.243562044895573,-3.5165534255695663,0.9407418304391758,-0.7739831027428963,-0.754227867671994,0.7150288692538768,-2.234844281405511,-2.058967774830825,-1.8034026733627007,-1.1905702382005796,-0.9694301759837921,-0.11046263392976802,-5.2025112649896075,-4.129991318400485,-1.8952330461847444,-3.6310216486897517,-1.8593388754897655,-0.34242184079131227,-1.099240618919111,-2.202406911919554,-1.7788981027807407,-0.7251673586728107,-1.503541054012689,1,1,1,1,1,1,1,1,1,1,-1,-1,-1,-1,-1,-1,-1,-1,-1,-1,0.8941814269160735,CIN
TCGA-BR-A4J2-01,-0.2121,-0.193,0.4776,-0.1382,-0.1978,-0.085,-0.2183,-0.3968,-0.2883,-0.2914,0.319,-0.2807,-0.2126,-0.4878,-0.6689,6.5647,-0.3415,-0.4405,-0.19,-0.2105,0.977,0.4775,-0.2156,-0.6937,0.743,-0.6989,-0.2624,0.1762,0.7232,-0.1267,0.8769,0.7037,-0.8798,0.743,-0.5811,-0.5014,-0.528,0.1286,0.7341,0.3353,1.0777,1.7095,0.7326,-0.2707,0.0063,-1.5193284012602168,-2.3155765521184764,-0.5304955331279603,-5.729317058918247,-1.8877266879541323,4.6066085905392535,3.105384652951703,0.2614670082815673,0.7695357687510114,-2.1012374477256146,2.3149711127102117,-0.8561851094890001,-0.7245086106047409,4.518948245988621,4.143747893367517,-0.21865581787530242,1.2883792963779919,1.494206563149444,2.032281563678769,3.358080045385614,4.784900308878642,0.7844918811027218,4.009850774671519,-0.3001710044363838,3.423689365070298,0.3053450680952168,3.2377206191113332,2.0776873094840487,3.824277633469929,4.669553942355324,0,0,0,0,0,0,0,0,0,0,0,0,0,0,0,0,0,0,0,0,0.08976162886939248,GS
TCGA-BR-A4J5-01,-0.2218,-0.2066,-0.1484,-0.1356,-0.2001,-0.7874,-0.2593,-0.7528,-0.2796,-0.8943,-0.7301,-0.2581,-0.2595,-0.8743,-0.5873,0.0297,-0.3415,-0.7271,-0.2221,-0.2028,0.2454,-0.1285,-0.2156,-1.0623,-0.7946,-0.9635,-0.2624,0.4091,-0.1292,-0.0508,0.9083,0.2534,-0.6373,-1.3312,-0.9931,-0.2416,-0.4058,-0.4967,-0.1762,0.2113,0.42,0.3083,-0.0782,-0.8002,-0.1633,-2.631530413879503,-3.935004505362129,1.4996575736820712,-9.783439163051629,-3.111395343670482,2.303543573089654,1.5801482565353473,-1.4058975475866866,2.8367943652147756,-2.4391859544738463,0.7922191745878041,-1.4054548776931293,-1.177284935928497,0.6626282643320226,-0.3226971651722435,1.9184955001599366,3.021365404555198,2.614688398807425,1.5582912755182787,0.775004728444455,5.151500507598435,3.126348640742018,0.7069136448215623,-0.03575962699863739,-1.792079721325867,0.6409086662708554,5.080015654980116,3.4810786938134326,-0.2432914256173861,2.2766832267146513,0,0,0,0,0,0,0,0,0,0,0,0,0,0,0,0,0,0,0,0,0.15634828670749876,GS
TCGA-BR-A4J6-01,-0.2199,-0.2052,-0.1632,-0.1412,-0.1989,-0.5217,-0.2654,-0.9488,-0.2636,-1.0558,0.3183,-0.2815,-0.2602,-1.2602,-0.2318,0.0185,-0.3259,-0.944,-0.2424,0.3285,0.6947,-0.164,-0.2156,-0.8524,-0.1264,1.3188,-0.2624,2.9617,-0.1769,-0.1244,-0.4282,-0.2915,-1.0373,0.3408,-0.9103,-0.512,0.8096,-0.3648,-0.195,-0.1852,-0.7188,-0.3832,-0.3925,-0.9033,-0.424,-2.5389897532970713,-2.9097760934671597,0.14051231399360142,-6.738914405635046,-2.6702267133976045,-3.3458225736557408,0.03604170119910687,0.28349971424231635,-1.3019927264591395,1.0552030365516512,-1.3119301819487503,-0.4397274857890405,-0.5123021865502625,-1.2430801061362489,-1.652978709743804,0.6800390902933934,-0.06187437833829584,-0.3382730921581483,-1.9891257712191253,-6.159670314112835,-4.229554258060139,-0.953092209684858,-3.1033967238084386,0.5089920534868526,-1.9898748083075006,-2.2924904128921444,-2.5616953081059686,-1.2034115064584918,-1.5591067643502268,-1.7673097416449968,0,0,0,0,0,0,0,0,0,0,-1,-1,-1,-1,-1,-1,-1,-1,-1,-1,0.20509849362688296,GS
TCGA-BR-A4J7-01,-0.2022,-0.1975,-0.148,-0.1412,-0.2001,-0.9853,-0.2447,-1.3305,-0.293,-1.3188,-0.8694,-0.2815,-0.2622,-1.4174,-1.0538,0.4491,-0.3415,-1.1546,-0.2112,-0.1984,0.4196,-0.1571,-0.2047,-0.9406,0.2656,-0.193,-0.2624,-0.2263,-0.173,-0.1227,1.0183,0.5612,-1.1727,-0.4822,-1.438,0.1231,0.1946,-0.5962,-0.092,0.3343,0.1967,0.8123,0.085,-1.1627,-0.1912,-3.3481722181205003,-3.9879273864466196,1.2341633183133078,-10.880799059211986,-4.6811664591098765,0.485691732623035,0.8072374205316595,-1.856541345700095,-1.5339918760985027,-1.2594284993564855,0.13560358110902113,-2.2580190257058406,-0.8146318870843182,0.631504978019546,-0.08940987822998164,0.3631181284477214,1.364406900995763,2.082198453173357,0.9633310754384383,-0.6712388371575891,-0.4898149015960302,1.1314004535128321,-1.2595194636311617,-0.6932361599628908,-0.17319046112400208,-0.7862872412930128,1.0327765474004793,-0.44461906946414187,-0.28200385664564964,-1.3739948116043144,0,0,0,0,0,0,0,0,0,0,0,0,0,0,0,0,0,0,0,0,0.1926833305744082,GS
TCGA-BR-A4J8-01,0.1402,-0.1355,-0.1463,-0.141,-0.2001,2.4741,-0.2645,2.3499,-0.293,-0.0902,1.7907,-0.2493,-0.2583,0.5279,-0.6342,0.2007,-0.3415,-0.2803,-0.2288,-0.2114,7.1867,-0.1504,-0.2142,0.2891,3.5116,0.5629,-0.262,0.5167,-0.138,-0.1251,-0.0469,0.3158,-0.0291,3.075,-0.9462,0.2107,0.0019,1.1712,-0.1721,-0.3075,-0.1693,-0.0553,0.0714,-0.3497,-0.4529,-1.8708825108939822,-1.704933745261938,-0.11399105238627556,-1.8355884815966679,-0.9603728537716663,-0.6088721706403702,-0.6950451557204812,0.5228987074696635,-2.1662480810982485,1.3307529884688398,-1.4399269714078928,-1.4689477797217445,-0.5051291313378066,0.1133849060041587,-1.8401108747122406,-0.7857641989179798,0.2688938399399191,-1.1253349029393132,0.3563544147083987,-5.296576948649072,-2.478085697789324,0.15202290711288693,-3.0736904318323583,-0.5814910307071857,-1.7978067553627368,-2.295993329895059,-0.9405491072896411,-0.7379982069717288,-0.4642463673054279,0.019795162315456732,1,1,1,1,1,1,1,1,1,1,-1,-1,-1,-1,-1,-1,-1,-1,-1,-1,0.7970534679688793,CIN
TCGA-BR-A4J9-01,-0.2201,-0.2054,-0.0778,-0.1411,-0.1984,-1.1564,-0.2658,-1.4574,-0.2773,-1.4452,-1.6366,-0.2755,-0.2607,-1.4605,-1.0791,-0.1101,-0.3415,-1.2171,-0.2413,-0.2064,-1.0225,-0.1101,-0.2088,-0.9126,-1.0708,-1.229,-0.2621,-1.4095,-0.0023,-0.1205,2.5597,0.2603,-0.9336,-1.5398,-1.5683,-0.4489,-0.6384,-0.9013,-0.0114,0.5509,3.8013,1.1193,0.3237,-1.3547,-0.4446,-2.957012681347915,-3.7690630060633596,0.34672906851932295,-10.360187904302997,-4.452381488073478,4.483489521701857,2.223327072066359,-3.2432943825989,1.4485900313528866,-1.1759302579964463,1.7159111581397537,-1.4840692213787945,-1.0501876280901652,3.9905813716911203,2.111890417302526,1.495247451192439,2.6133313461368397,1.7736130633941045,1.5788558500055199,1.906660413552545,7.7384886223992355,5.1545297590080095,3.3278266690149745,0.02492279600820743,-0.1874560718227087,1.1407255152077447,8.052655449623678,2.6920705654578647,0.9361674696825468,1.2426510813885803,1,1,1,1,1,1,1,1,1,1,0,0,0,0,0,0,0,0,0,0,0.17654361860619103,GS
TCGA-BR-A4PD-01,-0.1242,-0.1874,-0.1656,-0.1231,-0.1915,4.9144,0.2859,26.5213,0.0155,2.1962,3.7295,-0.2749,-0.2619,0.8669,0.7162,-0.159,1.0784,0.2227,-0.2277,-0.1952,8.3708,-0.1667,-0.1103,2.4504,-0.875,-0.3954,-0.2609,2.2815,-0.1629,-0.1126,-0.5665,-0.3346,0.163,3.4127,0.3245,-0.1928,-0.1487,-1.8831,-0.2121,-0.355,-0.6075,-0.3257,-0.5765,1.4364,-0.4563,0.2097726305522319,-0.8222751627628797,-0.5147767388320414,2.0346270683608774,1.4859923259545542,-1.1012069843294492,-1.090631226695566,5.682943685589393,-3.1360524395378646,2.8885698124258283,-0.8786525292760954,-0.36030920007817324,0.5815138107218858,-0.6844853309174216,-2.073881332944168,-0.7590150871401943,-1.6770902719874627,-0.5208999077937905,-0.2917008352107078,-3.4502077296055376,-3.731763012221482,-1.5613658309579779,-2.9511736832237814,-1.1617791044241181,-1.4592583276588609,-1.751422536549588,-2.3323702554311616,-1.3790539545464207,-2.093194398969828,-0.7708235380642021,1,2,2,2,1,2,2,1,1,1,1,-1,-1,-1,-1,-1,-1,-1,-1,-1,0.709154113557358,CIN
TCGA-BR-A4PE-01,-0.1583,-0.2141,-0.1717,-0.1393,-0.1961,2.5846,-0.1831,2.707,-0.282,1.6862,2.4701,-0.2815,-0.2583,1.8199,0.6969,-0.1613,-0.3415,1.2864,-0.1744,-0.1797,2.155,-0.1723,-0.2156,1.6748,2.0105,44.598,-0.2624,1.5482,-0.1808,-0.1241,-0.4319,-0.4236,1.8748,0.3961,2.6116,-0.1086,0.1059,2.9102,-0.2238,-0.2929,-0.5875,-0.4724,-0.53,3.0555,-0.5366,0.7883335719507585,1.41194401438168,-0.2057844664667893,2.087978127727078,1.8210608547775922,-0.5138958529550799,-0.39928168235535816,0.9485835027157182,-0.8526690812987247,0.8538521727164321,-0.17598409185969455,0.4006894159002672,0.2065827028864093,-0.5420729047598557,-0.4668059116602833,-0.5099333575554051,-0.028286817387021344,-0.5580509108139389,-0.6716890986342766,-0.2484115088251624,-1.0277041999688223,-0.8381689555306375,-0.8503563612853453,-0.415092487534436,-0.20966594024109014,-0.20491254113810556,-0.5544585012349494,-0.4024470199235166,0.02087865877457773,-0.11059554168589268,1,1,1,1,1,1,1,1,1,1,0,0,0,0,0,0,0,0,0,0,0.5589306406224135,CIN
TCGA-BR-A4PF-01,-0.0386,-0.2139,-0.1873,-0.1379,-0.198,2.5162,0.3588,1.7773,-0.254,3.9135,3.1189,-0.2815,-0.2619,1.9787,0.5128,-0.1794,-0.3415,0.4625,1.5276,-0.2099,2.5263,-0.1781,-0.2156,2.9541,6.2537,-0.7593,-0.2624,-0.3678,-0.1917,-0.1233,-0.3175,-0.4067,1.0977,-0.1972,0.4921,13.9265,-0.0621,2.941,-0.2405,-0.1457,-0.5994,-0.546,-0.6549,1.1333,-0.4493,3.0143400379279885,2.5262989228686403,-0.3618386080312995,7.227660404992854,3.0443041066592857,-2.2207553249063867,-1.1634288345272148,5.504916089538883,-1.2100271211061366,0.9570749447108508,-1.1814477407896111,4.167065858254242,0.4614548730118883,-0.8083317129362259,-0.18636059224167995,-0.08907069069216719,-0.9239393968201294,-0.00947301448468489,-0.009982028352165785,0.6607790435526409,-0.1860138785088941,0.12490629876106908,0.9131119483244345,-0.6072535273125491,-0.9051526853758378,0.7731412674218248,-1.390619217817183,-1.352699539427193,-1.2040335684403383,-1.3320033249937813,1,1,1,1,1,1,1,1,1,1,-1,-1,-1,-1,-1,-1,-1,-1,-1,-1,0.7474755835126635,CIN
TCGA-BR-A4QI-01,-0.2011,-0.1358,-0.1902,-0.1405,-0.1977,8.8146,-0.2175,0.3989,0.1819,1.7077,1.6213,-0.2646,-0.2541,0.7096,-0.1275,-0.0741,-0.3415,2.4015,-0.2101,-0.1722,3.985,-0.1807,-0.1697,0.2705,5.0424,2.1439,-0.2624,0.8208,-0.1883,-0.1239,-0.5013,-0.4085,0.3022,3.5223,2.5768,-0.5085,-0.7022,1.1041,-0.2005,0.1661,-0.7472,-0.5194,-0.4885,-0.2148,-0.3115,1.057247431899782,0.3342121501284345,-0.5708670769358343,0.24422507098052268,-1.1534795544468979,-1.5305417730492343,-0.7816727844458302,1.5878532784099566,-2.8176705376844153,2.5382802966769513,-0.8564470474157718,0.37549391136611504,0.341717603389581,-1.1413315799091284,-1.820060799807227,0.06264929669544453,-1.8476209426379018,-1.55559080050818,0.309007784321194,-4.7011754633352805,-3.2722410901911,-0.18011806436553296,-3.4507840358553743,-1.0582040506089445,-1.4407949342823618,0.9241568583331359,-0.5547802930394143,-2.482974815602943,-0.9336396685963737,-2.133459600874268,1,1,1,1,1,1,1,1,1,1,-1,-1,-1,-1,-1,-1,-1,-1,-1,-1,0.7094851845720908,CIN
TCGA-CD-5798-01,-0.217,-0.2129,-0.1712,-0.1392,-0.1993,-0.4695,-0.2804,-0.789,-0.2821,-1.1335,-1.8827,-0.2815,-0.2592,-1.1806,-0.7192,-0.1435,-0.3415,-1.1341,-0.2354,-0.1721,-0.9123,-0.1759,-0.2156,-1.3661,-1.6081,0.9023,-0.2624,-0.3053,-0.1881,-0.1267,0.3916,-0.3142,-0.9945,-0.7918,-1.0167,-0.3056,-0.6384,-1.758,-0.2392,0.0672,-0.1133,-0.0064,0.1712,-0.8454,-0.1579,-2.2466071294177206,-3.301024871417439,0.8272002993928929,-7.947528160609739,-2.293993563696675,1.8548769230001563,0.33647940229902756,-2.886780182657027,3.7253555488644823,0.19661558047320915,0.24534342781600282,-0.5962125470000955,-1.238962134914214,1.0609287250873736,-1.6928984460456116,0.8360896991868744,0.6948536548856259,0.7330777293790848,0.43069780148231007,-0.49406386204722225,-0.38982963653498015,1.6883136711738955,-1.9047625793929854,0.6278918790261583,-1.1141645506172109,-0.15600134742988633,1.0814465809050346,1.4543532719451295,-0.4170525010307188,0.8287726225291241,0,0,0,0,0,0,0,0,0,0,0,0,0,0,0,0,0,0,0,0,0.07825691110743255,GS
TCGA-CD-5799-01,-0.1939,-0.193,-0.1827,-0.1404,-0.1935,2.564,-0.2621,2.5868,-0.2652,1.6984,0.2886,-0.2815,-0.2571,0.9569,-0.2491,-0.1862,-0.3415,-0.5649,-0.1883,-0.1971,2.2476,-0.1813,-0.2156,-0.3885,0.527,74.5383,-0.2624,0.8221,-0.1789,-0.1207,-0.4428,-0.3992,0.2255,0.3962,0.0346,1.0094,-0.6133,0.77,-0.2384,-0.4419,-0.6346,-0.5065,-0.4895,1.348,-0.4843,0.5466700599615436,0.5146743687188093,-0.2117461690392945,1.969719193762904,0.789899671301735,-1.070823124345109,-1.037176509581988,0.7841548263835635,-1.1576461817834336,0.6814138064380563,0.5808212901139714,0.22999905942428292,0.03329310785429267,-0.5608012107510374,-1.0360708083437868,-0.38804998588050293,-0.6479473354315827,-0.6420463594168374,-0.1900151081766704,-2.4498419364180415,-2.038919498701603,-1.0933099284156458,-1.7309825969371675,-0.4861928172826699,-0.6145558851922813,-0.6203948328678289,-1.3995789616599628,-0.7165776797209052,-0.7481592901106556,-0.4735096304970057,1,1,1,1,1,1,1,1,1,1,-1,-1,-1,-1,-1,-1,-1,-1,-1,-1,0.7002979639132594,CIN
TCGA-CD-5800-01,-0.1898,-0.2013,-0.1247,0.5083,0.1805,4.4708,0.268,8.4927,2.9845,4.9203,4.4142,1.7277,1.9643,4.5252,91.7146,-0.237,0.7894,6.3525,0.399,-0.0264,7.0856,-0.1538,12.7989,0.532,3.7901,25.0519,-0.0101,1.5843,-0.1346,0.1956,-0.3877,-0.4018,0.0931,6.7941,6.0414,1.5275,1.9568,1.7557,-0.178,0.3194,-0.6171,0.1526,-0.4804,5.0603,-0.4878,1.7079009697199794,1.2791942427058678,-0.4912876608423332,1.7019642573739695,7.939527891903923,-2.088106471695308,-1.977261341883328,1.0675270360692959,-3.5852167757213604,1.3122869414007572,-0.1411756035374894,-0.11363269051788075,0.2872086154490977,-2.2464243762824134,-2.434998084520529,-1.4695334444824466,-1.8289593500308734,-1.4331593731873689,-0.7311340515692014,-5.485051727298893,-5.328767310560441,-1.5084137662315482,-4.3547328931924865,-1.6275608577742118,-1.2804062590635494,-1.377407996427345,-3.217775629363469,-2.2953413861169794,-0.7640124696795801,-1.2384772692217405,1,1,1,1,1,1,1,2,1,1,0,-1,-1,-1,-1,-1,-1,-1,-1,-1,0.5915411355735806,CIN
TCGA-CD-5803-01,-0.2152,-0.2037,0.479,-0.1401,-0.2001,0.0337,-0.2718,-0.4395,-0.2557,-0.4118,-0.5342,-0.2815,-0.2622,-0.4594,-0.556,0.9368,-0.3415,-0.7954,0.0195,-0.2027,2.3442,0.4363,-0.2156,-0.5894,0.0964,1.172,-0.2624,-0.933,-0.0764,-0.1255,0.3217,0.0064,-0.8532,-0.0711,-0.1971,-0.1649,-0.5499,-0.63,0.1556,0.5719,1.0411,0.4342,-0.0342,0.0833,0.1727,-0.9479002898569628,-1.4457644984371651,-0.04782606234834631,-3.4276900375015122,-1.937252227720348,5.756524976731949,3.9018934230653834,-1.2883072891057952,4.170293585777477,2.903775597323368,2.5180089403041523,-1.0739631899330133,-0.6687035291092673,4.7743447319286245,4.37858328808276,3.099279450757292,1.7906513445266334,-0.13138634436060534,2.5722688209852613,9.757736989524876,6.066786639511924,2.57465223309604,7.443994813019699,1.0271469737212482,3.9286279759853806,3.339899509658977,3.37734140464035,2.579204431738782,2.603701208195159,5.8798279899328065,0,0,0,0,0,0,0,0,0,0,-1,-1,-1,-1,-1,-1,-1,-1,-1,-1,0.2232246316834961,GS
TCGA-CD-5804-01,-0.1292,-0.2025,-0.1476,0.8459,-0.1954,1.0811,0.7698,1.8996,0.703,0.7557,1.5445,-0.2815,-0.0694,-0.0304,0.4381,-0.219,-0.1787,-0.7292,-0.0015,-0.2033,7.4999,-0.1788,3.31,0.4786,0.9797,32.3635,-0.2624,1.4224,-0.1694,-0.1069,-0.3409,-0.2561,-0.6135,2.203,-0.5976,-0.4437,2.3369,1.5491,-0.2348,-0.2152,-0.6059,-0.1715,-0.3188,2.3596,-0.4834,-0.15937468190100001,-0.18412541789530382,-0.29674362564758766,-0.9678547970061451,-0.030516968587438086,-0.7362387556240773,-0.6469375693075263,-0.2899089671101752,-1.8106986068134288,1.625219065103603,-0.36635332346794386,0.21978878055785595,0.0352132183825112,-0.4007783675238019,-1.7075741824962927,-0.16584762186208873,-0.7665706155262777,-1.2115715314180509,-0.01928288204632067,-2.193089917940161,-2.780787520912596,-1.2000132095448393,-2.4520022075951324,-0.3767146116266038,-1.1557029918620474,-1.3116012775981156,-1.7644804736111477,-0.727183590159173,-0.6227338891383133,0.2456156298368292,2,2,2,2,2,2,2,2,2,2,0,0,0,0,0,0,0,0,0,0,0.4097003807316669,CIN
TCGA-CD-8524-01,-0.1916,-0.118,-0.1421,-0.1214,-0.1973,1.3676,0.1059,1.5834,0.0417,0.213,0.3851,-0.2742,-0.229,0.1101,-0.3807,-0.0993,1.5957,-0.2724,-0.2288,-0.207,6.1875,-0.1626,-0.1083,0.6482,2.361,0.1609,-0.2551,-0.8481,-0.1737,-0.12,-0.4755,0.7403,-0.2496,0.2987,-0.4223,0.1419,1.6059,2.5719,-0.224,-0.1521,-0.6466,-0.2488,2.2267,-0.7486,-0.4247,-0.794377778404167,-1.7258477920866808,-1.0124515862094927,-2.502318838836705,-0.6156096969627833,-0.26286328628014877,0.6990406865152936,0.6833106415693607,-0.5318331092030534,2.5274039661230545,-0.3441474631265472,0.1698014965641142,-0.05435947404105185,0.44192858133289176,-1.4266455605345272,-0.058463286634753704,-1.1898903523040054,2.2246383862263652,-0.36638955361102654,-2.442886545633361,-1.8984809677884769,-0.4681096804665829,-2.245948030572536,-0.7077848953284526,-2.013594741342054,0.04814628877357478,-0.45806838945806033,0.5183096638391894,-0.6077156321435104,0.2512431289093191,1,1,1,1,1,1,1,1,1,1,0,-1,-1,-1,-1,-1,-1,-1,-1,-1,0.59754179771561,CIN
TCGA-CD-8526-01,1.9575,-0.2119,-0.1083,0.3243,-0.1631,9.819,2.0846,3.3883,1.6428,2.4851,2.2238,2.0901,3.9221,5.0312,3.684,-0.1839,2.1106,0.7685,0.943,-0.1841,11.6893,-0.1453,1.401,3.6108,4.9093,2.8433,4.7966,0.9758,-0.1711,-0.1016,-0.3315,-0.1447,0.3075,5.8182,1.2926,2.1047,3.6097,3.3664,-0.1625,-0.1325,-0.2856,-0.3075,-0.3096,3.1025,-0.4891,0.38721762077798944,0.8244485564548113,-0.30238405162269005,0.23146251538659207,0.7189902258502177,-1.6311953696706523,-0.9230135168789245,1.1706965313076272,-1.6311922064808042,0.530415888846859,-0.5245246601536614,-0.3853807810344738,0.35594148326414204,-1.7400851902819554,-1.4081000514916724,-1.0541899408149047,-1.288522745279941,-0.8656284417154876,-0.8350412282485332,-4.14507875867185,-3.3959026216509733,-1.538613078195008,-3.251047611619667,-0.7619614852351327,-0.7617425668496357,-1.3067219153034528,-1.6574856429502507,-1.118704496666132,-0.04729780030854408,-1.1502509656598299,1,1,1,1,1,1,1,2,1,1,-1,-1,-1,-1,-1,-1,-1,-1,-1,-1,0.5123737791756332,CIN
TCGA-CD-8528-01,-0.2164,-0.2109,-0.1951,-0.1403,-0.1989,1.4458,-0.0266,0.2789,-0.2643,0.6821,1.3572,-0.2797,-0.2493,1.1682,0.6656,-0.3043,-0.3415,-0.1411,-0.2398,-0.2102,2.446,-0.1739,-0.2156,4.4972,1.7237,-1.236,-0.2621,-1.3166,-0.1915,-0.0596,-0.4921,-0.4492,1.5532,1.3526,0.9794,-0.1771,-0.6985,1.4034,-0.2393,-0.4816,-0.5403,-0.572,-0.5271,1.2386,-0.4561,0.30041153615854266,0.39883599788106033,-0.02980234256967714,0.9981865059813883,0.26531335667539774,-0.5175635188650316,-0.4691357975886367,0.7856795400355441,-1.9110186024323175,0.110803959977018,-0.2284849091412535,0.23658016363328166,0.05085789166181461,-0.5029845593616324,2.2087416938237214,0.7979985155921507,-0.4566524121308983,1.7071522123712155,2.8774252138359584,0.34416958553291827,-0.8284627337892185,1.0704265984735313,-0.7664911102225735,-0.26357061261030346,-0.3488986211958646,-0.17413522293084957,-0.32397967324047106,-0.41717480581899585,-0.39838811236552873,1.385886481572199,1,1,1,1,1,1,1,1,1,1,-1,-1,-1,-1,-1,-1,-1,-1,-1,-1,0.5703939745075318,CIN
TCGA-CD-8529-01,-0.2181,-0.204,0.061,-0.1412,-0.1976,1.932,-0.1778,-0.1424,-0.2888,1.6631,0.628,-0.2774,-0.2573,-0.6199,2.4488,-0.1928,0.1113,0.2434,-0.0725,-0.1944,-0.0287,0.0854,-0.2156,-0.4055,3.0693,-0.6111,-0.262,-0.4155,0.0683,0.0931,-0.1588,-0.0408,-0.0744,0.7403,1.3326,-0.3715,-0.3162,2.718,0.2372,0.0339,-0.1097,0.3704,-0.3735,0.4644,-0.4142,0.27441570960212236,-0.4520354078481225,-0.4331630973884591,-2.7701393363322144,-0.09422263455078655,2.08175994325634,1.6027933953376368,-1.0564384061269523,1.1089970561915135,-0.8935739372140944,0.6780673708241493,2.7547139962764637,-0.5046417060278771,1.357651783242526,1.0646582597672942,0.17488097379959266,0.26977187154677124,0.5567753717996223,-0.09714275351919333,4.034178920729877,2.040387205967358,0.4188653504230446,2.771060785929363,0.0878924452085258,0.6570493011573244,-0.049393569154775135,0.4976622736046236,1.0018878318180224,1.9220538055182894,3.600738630370352,2,2,2,2,2,2,2,2,1,2,0,-1,-1,-1,-1,-1,-1,-1,-1,-1,0.3617364674722728,CIN
TCGA-CD-8530-01,0.8188,-0.2035,-0.1368,-0.1371,-0.1921,1.1205,0.4824,0.2646,-0.2385,2.7154,0.4806,-0.2115,-0.1075,0.0039,-0.4083,-0.1733,0.5654,-0.5721,-0.2217,-0.2022,3.3145,-0.1002,0.0262,0.5699,2.0488,-0.599,-0.2607,0.0899,-0.1061,-0.1123,0.0668,0.6718,-0.1658,0.5541,-0.8325,0.3935,1.3691,0.67,-0.0975,-0.06,0.3183,-0.0153,0.2692,-0.2548,-0.274,0.17382949206316092,-0.9489140111777459,-0.17381789752105278,-4.2359472395262,-1.5181725849826269,0.997926690778381,0.33873029634733576,0.2422057169950015,-0.5607591733162263,0.32718845358077486,-5.788142597624595e-05,-0.6643355698247793,-1.3565628945828923,-0.15550728388068102,-0.8689784705032411,0.21132317730812533,0.4075545681169498,0.6810038558482054,0.6315183169383716,-1.1357305992675086,0.9913545804168904,0.31891123800023563,-0.00041144709022575347,-0.25634068644480085,-0.7754022388917878,-1.200663750062448,0.6880874298498763,0.6862263921374043,3.5244364438542264,1.9008281913170308,1,1,1,1,1,1,1,1,1,1,-1,-1,-1,-1,-1,-1,-1,-1,-1,-1,0.5042211554378414,CIN
TCGA-CD-8531-01,-0.2218,-0.2146,12.8402,-0.1412,-0.182,0.4089,-0.2779,1.4155,-0.2919,0.8631,-0.4243,-0.2815,-0.2603,1.6973,0.144,-0.2952,-0.3415,0.6733,-0.2266,-0.2123,1.7273,12.4141,-0.2156,-0.2709,0.2825,-1.5325,-0.2624,-0.7881,11.794,-0.1252,6.014,12.0704,-0.7131,-0.1188,-0.3203,-0.4902,-0.5595,-0.269,11.6829,13.0821,-0.4953,0.4952,-0.611,2.0519,-0.5543,1.3721378196635778,1.5279497185321183,-0.23986571114207214,5.253210525636119,2.35500735564851,4.450329452572318,6.155924907849537,1.0616308461791626,-0.6760496311771651,1.4916434751568675,4.900910938472618,-0.7204679944315816,-0.01784441349402855,2.033453701982506,6.001358567966528,-2.2619409774966086,-0.4276378963979126,0.3972348292335845,-1.1450665935186952,9.634875293065223,3.071747917166934,-1.528221981582797,5.220323756758713,1.1559435886807414,4.787388187884388,2.0731956054637393,2.7559496424593806,0.5515783843915951,3.7744326842490374,-0.2543103556658324,0,0,0,0,0,0,0,0,0,0,0,0,0,0,0,0,0,0,0,0,0.06397947359708657,GS
TCGA-CD-8532-01,-0.2218,-0.2038,-0.1114,-0.1397,-0.1993,2.3238,-0.2378,0.0153,-0.1621,0.3833,0.9853,-0.2815,-0.0387,-0.2709,0.0158,-0.2518,-0.3415,-0.6483,-0.1834,-0.2096,4.1702,-0.1014,-0.2145,-0.2035,1.5359,0.1506,-0.2624,-0.5043,-0.0914,-0.124,-0.2048,-0.2448,-0.6561,0.1236,-0.191,-0.3473,-0.5382,1.7868,0.0418,-0.1247,-0.4002,-0.1871,-0.5968,1.2695,0.1896,-0.32317499504910163,-1.3118321475009558,-1.112346205305011,-2.8828499300757797,-0.28069978393349015,2.784600288394615,1.0417453709584115,-0.703311630991493,3.123828357974935,-0.4296061902126624,1.2077109461924198,-0.620040248711032,4.233834621967645,1.3021229865261237,1.6301235963192389,0.6811960903659179,-0.1517171802690628,-1.8364616734171033,0.2264258589317645,1.8812156458772107,0.008922547054622545,-1.6509907827300971,2.311515773190251,2.3266851817938625,1.4084597428919732,0.09856603506098198,0.0027312393238482727,1.745397258531622,0.2757273821925621,2.268783179012101,1,1,1,1,1,1,1,1,1,1,-1,-1,-1,-1,-1,-1,-1,-1,-1,-1,0.26084257573249464,GS
TCGA-CD-8534-01,-0.1828,-0.1995,-0.1421,-0.1404,-0.199,-0.0147,-0.1742,-0.1541,-0.2532,-0.4704,1.5921,-0.2815,-0.2486,-0.1435,-0.8218,-0.2064,-0.3415,-0.1698,-0.2197,-0.2114,0.945,-0.106,-0.2102,0.3703,2.2028,0.4026,-0.2624,0.4879,-0.1182,-0.1192,-0.0652,0.213,0.2337,-0.7657,-0.3752,-0.4176,1.022,0.0466,-0.1513,-0.0866,0.0489,-0.1553,-0.0079,0.2976,-0.1812,-0.7412411320641817,-0.4360788519307055,0.09590595987664147,-1.9505966414504643,-2.0151840718320555,-1.9032632211168916,-1.0906077727155343,4.739955791564696,-2.8417351101504194,0.6668681485849963,-1.2054253902354854,-2.104554534633687,0.5573143436795729,-2.687524395508142,-1.5002992329127853,0.4696441776741538,-0.3973107908179045,-0.5184692990304455,1.6336182056489597,-2.734768470225355,-0.44943137652348014,-0.5881450789848585,-0.5768535196390797,-0.5651638934446898,-0.0750828097871323,-1.7321421528178198,-0.6773996277033869,-1.1759626945536736,-0.9444156746052008,0.2657677626962104,0,0,0,0,0,0,0,0,0,0,-1,-1,-1,-1,-1,-1,-1,-1,-1,-1,0.33967886111570933,CIN
TCGA-CD-8535-01,3.4437,-0.206,-0.1954,-0.1412,-0.1842,12.7991,-0.1875,4.1754,-0.1966,3.9751,4.2509,-0.2744,-0.1776,5.2619,15.7624,-0.2664,0.1462,3.4075,2.4792,3.2029,6.5896,-0.1764,-0.2156,8.247,6.1017,-0.2229,-0.2619,1.0709,-0.1848,-0.1079,-0.5402,-0.3045,5.7688,7.8272,0.9199,0.0671,7.0792,7.1596,-0.1757,-0.2368,-0.6877,-0.5388,-0.4727,4.6236,-0.5309,0.27871865219732384,0.10559115897631466,-0.05352896259961791,1.2667686748097116,0.973897434680952,-0.48441251953246395,-0.6350014606574322,0.906365257195372,-1.041531943954529,0.6276590314016072,0.06457488728037561,-0.028314078097572613,0.1259036863962935,-0.6701836217068664,-0.8372936887170322,-0.38597866475670517,-0.36444465600602916,-0.41524359105970565,-0.16942876955629083,-1.729207881386559,-1.0923685156636118,-0.5084912801605824,-0.9903747515315556,-0.23302101347943716,-0.4536565170189594,0.12267608445917616,-0.8313756055785518,-0.6057522735325007,-0.3702970610187189,-0.23141363027584835,1,1,1,1,1,1,1,1,1,1,-1,-1,-1,-1,-1,-1,-1,-1,-1,-1,0.6303592120509849,CIN
TCGA-CD-A486-01,0.0201,-0.2107,-0.1694,0.4157,-0.1896,2.7946,-0.132,3.77,5.0666,6.2972,1.8177,4.7366,0.8642,0.2776,15.393,-0.0289,0.8355,0.5238,0.1756,-0.1296,4.6152,-0.1746,7.8012,0.3517,4.8936,1.1913,5.4991,0.3824,-0.1882,0.0979,-0.3889,-0.2185,1.0675,2.7006,-0.3789,-0.217,1.4565,2.1465,-0.2127,-0.106,-0.6594,-0.1144,-0.5187,0.983,-0.322,-0.2242729942977143,-0.5397373763336653,-0.5003194763101636,-1.4767082046151239,0.444181661322062,-1.0672104674748302,-0.9742577773813168,0.48383306732486336,-1.8138554539650724,-0.14797663311844247,-0.8214383671095655,0.2986196406256377,0.25362148859402306,-1.063618945571716,-0.889368474389145,-0.8423854045273872,-0.7897608566662149,-0.8238801872990376,0.4752277189880601,-2.5719704843047215,-2.699698010674511,0.32688273814844804,-2.6023075953320403,-0.7995333867544255,-0.7638516115235006,-1.066664798835999,-1.570294569628122,-1.2968685807060187,-0.3244550049437654,-0.5118305026962354,1,1,2,1,1,1,1,1,1,1,0,0,0,0,0,0,0,0,0,0,0.6395464327098163,CIN
TCGA-CD-A487-01,-0.1952,-0.2134,-0.1863,-0.1389,-0.192,3.2311,-0.1612,6.1895,-0.2583,4.0983,3.802,-0.2815,0.9012,4.2953,19.3173,0.118,-0.2982,1.5836,-0.2369,-0.1905,9.2953,-0.1703,-0.1412,4.8635,5.093,0.0696,-0.2551,2.9043,-0.1903,-0.1267,-0.0381,-0.2041,-0.0156,4.0489,-0.147,1.1694,-0.1932,1.8801,-0.2436,-0.1264,-0.3561,-0.2548,-0.229,1.6825,-0.4541,1.0700770336590317,0.18677131569935926,-0.5313603884635516,3.673789202645409,5.387495677287556,-2.994133298462905,-1.458628454628293,2.5780001397403924,-3.3978708276764085,2.0485492825074596,-1.196206924730027,0.023325079696044217,0.24055373249503195,-2.330770641237347,-2.633129682137976,-1.3777704224083098,-2.1795151611051398,-1.147028931756719,-1.311690781980162,-5.147955589393885,-4.77795521150995,-2.048708780297772,-5.1667786530393585,-1.2324812999256938,-2.712919572198691,-1.5972458863139134,-1.4948578590253254,-1.605092947899449,-0.9889576124432704,-2.566346844209911,1,1,1,1,1,1,1,2,1,1,-1,0,0,0,0,0,0,0,0,0,0.5308723721238205,CIN
TCGA-CD-A489-01,-0.0039,-0.1896,-0.0707,0.1202,-0.2001,-0.6685,-0.2731,-0.4905,-0.2874,-1.117,-0.8369,-0.2802,0.1176,-0.8447,-0.9446,0.2142,-0.3415,0.0095,-0.2049,-0.187,0.5942,0.0584,-0.2156,-0.4767,-0.1885,2.4486,-0.2624,-1.0998,0.0182,-0.1267,0.7671,-0.0606,-0.428,0.2058,-0.5281,0.4695,0.1484,0.2959,-0.121,0.4871,0.9006,0.457,-0.164,-0.6117,-0.3194,-2.5070631318376826,-3.395378700462218,0.39935012867147573,-8.582412473393562,-3.975146774072675,3.440893990588425,0.9715770267306924,-2.2853907409252923,0.315067200760542,-0.7586124590396963,0.2034240240076752,-1.4154882639582715,-0.0887919788662866,1.3868891203141398,-0.6858011024411961,0.587332237095754,0.33070787355764175,0.9732674244044077,0.36264466290053343,-1.1347121900139778,2.008742005363309,1.254181572409598,0.19757114345804225,0.476680947894035,-0.9320978955787841,0.556134650903267,2.711622498097206,1.0831323003040743,1.2548082945301906,0.36025666330637,0,0,0,0,0,0,0,2,0,0,-1,-1,-1,-1,-1,-1,-1,-1,-1,-1,0.5006621420294654,CIN
TCGA-CD-A48C-01,0.8902,-0.0108,-0.1683,-0.068,-0.1911,2.4425,-0.2544,9.4473,-0.2791,1.8063,1.8493,-0.2815,0.3456,2.5239,0.0639,1.4119,1.1751,0.6483,-0.2345,-0.2049,6.0584,-0.1769,-0.2156,3.0187,5.7079,-0.4438,-0.2624,1.3734,-0.1674,-0.0991,-0.5735,-0.1824,1.6951,1.1532,0.6785,1.356,1.4657,3.63,-0.2346,-0.3586,-0.7042,-0.5302,-0.307,1.6402,-0.3696,0.7659619933116968,0.7678127536409498,-0.47060027663379433,2.1012767493840254,1.0281633747648047,-1.2089502203657416,-0.9836671557588982,2.7480557613613645,-1.618148216645926,0.4293118490482995,-0.8872404072863349,7.824465639120832,0.07438564345971996,-0.38932327412547435,-1.5909430865267482,-0.35749453963950745,-0.7366156356796418,-0.8887898656480574,-0.49721435312384965,-2.7900812574568072,-3.0443430282409234,-1.2175115826620142,-2.620413361533335,-0.6530896994642834,-1.198994372301958,-0.8234861420652168,-0.8607750329626955,-0.9918281667872331,-0.7761441017858906,-1.140303056595324,1,1,1,1,1,1,1,1,1,1,-1,-1,0,0,0,0,0,0,0,0,0.6627214037411024,CIN
TCGA-CD-A4MH-01,-0.2179,-0.2131,-0.1674,-0.0896,-0.0209,3.5455,0.0248,4.6634,-0.0972,2.3707,3.3455,1.8828,1.0032,1.9619,8.1737,0.0089,0.5203,0.9341,4.5087,0.1638,4.9035,-0.1552,6.2351,2.3536,6.0095,-0.5479,-0.1345,2.7746,-0.1189,0.2135,-0.5786,-0.1709,1.3462,2.9849,-0.6039,0.8577,4.5428,1.3386,-0.1664,0.0141,-0.7838,-0.3792,-0.5026,2.7509,-0.5507,1.058537296260026,0.6373491398348432,-0.14631403342090873,0.9610020685354984,1.4578644506189395,-1.303540951899722,-0.8322763303235319,1.7938046523465376,-2.284403275562593,-1.3711078625965685,-1.0904821937150637,-0.08735975112544966,0.23041473303294951,-1.9512482325646616,-1.2796881814380179,-0.9323378283907526,-1.250941788907077,1.2414331265883487,-0.06617096746739627,-4.2805242237592305,-3.534604435552263,-0.6162381911334387,-3.6376645284918188,-1.0297032714885983,-0.9961126815052423,-1.1293076657083236,-1.7337724657965905,-1.4595721647824866,0.04675359571290503,-1.534772930830005,1,1,1,1,1,1,1,1,1,1,-1,-1,-1,-1,-1,-1,-1,-1,-1,-1,0.7905148154279092,CIN
TCGA-CG-4301-01,-0.1458,-0.2077,-0.1781,-0.1412,0.2471,2.2412,0.2911,-0.1394,-0.129,0.0325,0.5096,-0.2815,-0.2182,-0.1916,-0.1865,-0.106,-0.3415,-0.3993,-0.2329,-0.2099,2.4783,-0.1762,-0.2156,0.7581,2.4659,53.3698,-0.2624,0.7063,-0.1831,-0.1196,-0.4271,-0.1125,-0.3572,1.2095,0.5159,-0.3396,-0.251,5.317,-0.2339,-0.2721,-0.2242,-0.4762,-0.1713,-0.6946,-0.526,-0.5352237786214697,-1.591156171436388,-0.6046885983876356,-2.883172671735555,-1.4356163315356654,-0.17392960243199648,0.5063444035391149,2.3457122426734833,0.7389451478019742,0.6110592571031419,-0.8388849321299068,0.482843886019242,-0.3948029266954962,-0.08477512005081976,0.13386774293138226,1.15333870114895,0.11597662855420665,0.3832799034944018,-0.3970671737016707,0.9529458651940602,2.3345256229464324,1.1768058828911598,0.7588836478691751,1.552613758624573,0.1496631462748562,-0.0715577532263731,1.8237126319727297,0.8697235624300361,0.12550984494073408,0.6673650130987822,2,2,2,2,2,2,2,2,2,2,-1,-1,-1,-1,-1,-1,-1,-1,-1,-1,0.3792418473762622,CIN
TCGA-CG-4304-01,0.0464,-0.1838,-0.1015,-0.1386,-0.1339,1.9622,-0.1669,-0.5265,-0.1625,-0.3226,0.2336,-0.2771,-0.2511,-0.166,-0.3157,-0.1473,-0.168,-0.2166,-0.1788,-0.1547,2.3616,-0.122,-0.2119,-0.1259,3.7222,0.175,-0.2624,0.1882,-0.1716,-0.1267,-0.4287,-0.228,-0.2798,1.9974,-0.0916,-0.3117,0.791,1.6947,-0.1807,-0.1836,-0.3061,-0.2126,-0.4682,0.2192,-0.4956,-1.1643407767325906,-1.4994392639900955,-0.2358225296287446,-5.823151926369176,-2.2429885481288974,-0.4150664534766541,-0.5770971583706642,4.103820607993174,-1.1013172138738796,-1.020706773558058,-0.832285551310278,-0.42016032656597657,-0.05574238485523886,-1.4517387105351929,1.4230450915864221,0.4482023077367237,-1.5573450212707967,0.1558550448821487,0.22334400611844005,2.2531721232155237,0.5222859193406104,0.646073348532268,1.3448539225003826,-0.04930820841066034,-0.9775182509273759,-0.6457859064672287,-0.9158731751463568,0.07057564572037357,0.37071410685934447,-0.948988537244369,1,1,1,1,1,1,1,1,1,1,0,-1,-1,-1,-1,-1,-1,-1,-1,-1,0.25885614964409864,CIN
TCGA-CG-4436-01,-0.0892,-0.2119,-0.1899,-0.141,-0.1964,4.4939,-0.2799,3.5045,-0.2827,2.8381,4.3503,-0.2815,-0.0859,3.3854,1.5414,-0.2451,-0.2657,1.4013,3.4775,1.9376,5.9153,-0.184,-0.2156,6.7237,5.7664,-0.0624,-0.2624,1.4461,-0.1873,-0.1235,-0.5143,-0.4258,3.0511,2.3707,2.6217,-0.5129,0.0577,3.2365,-0.2333,-0.4747,-0.6229,-0.5403,-0.6159,1.9927,-0.5724,1.6306794068879957,2.134496474194497,-0.18206996038631942,6.188913389789965,2.94558240630168,-2.9718974192360545,-1.5530143269342929,5.938642595469317,-4.843394108991416,4.473725905789153,-1.351345658336968,-0.3522323500678207,0.5576997986596732,-2.9242656919691705,-2.111168821303832,-1.9732197450421158,-1.1011765918047691,-1.2486079271962738,-1.6193788800650653,-2.4145389878123122,-3.376184070319958,0.7579102739766449,-2.438950671112305,-1.6647958619339525,-0.8568270653831164,0.7150327948781634,-0.5602207969008546,-0.5985698262113021,-1.0486600427939314,-1.5929517936482223,1,1,1,1,1,1,1,1,1,1,-1,-1,-1,-1,-1,-1,-1,-1,-1,-1,0.8096755504055619,CIN
TCGA-CG-4437-01,-0.2218,-0.2092,-0.0841,-0.1408,-0.1954,1.0091,-0.2479,2.1941,-0.293,0.912,0.5554,-0.2815,-0.2606,-0.2057,-0.2744,-0.2776,-0.3415,-0.5104,-0.2276,-0.1824,2.1073,-0.1331,-0.2156,-0.5652,-0.2249,0.3788,-0.2624,0.5369,-0.106,-0.1197,-0.4342,-0.3908,0.5831,0.937,0.6579,-0.4786,-0.4612,-0.327,-0.1536,-0.2832,-0.5398,-0.3234,-0.3331,2.3881,0.5316,2.9730563158802767,3.041969963175425,-0.6795207643025277,4.4616203464394175,2.935193907443968,-1.1436532954732517,-3.0400247092970893,0.8321784749542239,-0.1432316832645628,2.7453534473019072,-0.6230405998492736,1.0130783326585149,-0.11633876178046577,-0.6608466439837548,-2.6395649981843814,-1.701359477326955,-2.089946403284352,-1.60852647364014,-0.22692554935027534,-4.483177404432784,-7.5264607765423435,-3.1947907779055424,-4.239327165874991,0.41574374406026565,-1.0061561415912963,-1.364676595814495,-3.008797512223984,-2.2028642416727906,-0.7178252963127492,-2.417221994303193,1,1,1,1,1,1,1,1,1,1,-1,-2,-2,-2,-2,-2,-2,-2,-2,-2,0.44069690448601223,CIN
TCGA-CG-4438-01,8.3657,-0.2005,-0.177,-0.1366,-0.1842,6.2601,1.4904,5.605,-0.2222,4.9,3.2836,-0.2626,1.8004,5.2047,0.3997,-0.1856,2.6119,2.3468,-0.191,-0.1911,9.7119,-0.1772,-0.2103,4.3301,8.3629,1.0174,-0.0475,-0.7047,-0.1852,0.0212,-0.4793,-0.3887,1.6454,3.1496,0.8115,1.3105,-0.26,4.4821,-0.226,-0.2198,-0.5724,-0.4531,-0.5718,0.4721,-0.4567,1.4374232080269964,0.6784630296104879,-0.6924893522752872,2.234605959530002,1.6639945266418203,-0.42364570763807124,-1.3526368093904007,10.992841665728246,-3.7112220699300518,2.091973284212347,-1.7050952117429519,0.3107801380151361,0.5008930502578972,-0.7970536242380233,-1.126197307409979,-0.7448405975494256,-1.021021371882966,-1.0241653759473002,0.12684143879497586,-0.7807129731027505,1.3625809967688953,1.1094225939086033,0.23402530219999285,-1.2276977233038726,-0.07857215413199721,0.6481395101080091,0.2932165708930375,-0.301050299546365,-0.13493701851295525,-0.14665812630729735,1,1,1,1,1,1,1,1,1,1,-1,-1,-1,-1,-1,-1,-1,-1,-1,-1,0.7548419135904652,CIN
TCGA-CG-4440-01,-0.1752,-0.2054,-0.1888,-0.134,-0.1986,4.4674,1.3798,4.7977,-0.1801,4.5003,2.3485,-0.2681,3.2618,3.4728,0.6033,-0.1674,5.2151,2.2929,-0.2038,-0.204,7.3482,-0.1808,3.1723,5.7714,3.3792,-0.8976,1.0253,2.3168,-0.1895,0.2073,-0.643,-0.3557,4.4131,1.9025,2.9389,1.2164,-0.6788,3.3187,-0.2434,-0.4028,-0.5517,-0.5552,-0.4282,0.4084,-0.5457,2.282222549023222,3.4095994123383235,-0.7902481446166898,7.6933249096962095,4.073416016366885,-1.0628223861674901,-1.8238114021349894,4.107804491373668,-6.429596930379113,5.141950761926187,-1.5463766301785715,0.6402517051329935,1.350981029138919,-1.3875148663713186,-1.7057410842636567,-0.7045452381237922,-1.6606597400166079,-1.442331575324568,-0.25445907682945895,-2.8375249570120378,-1.4703025396087293,-0.18408741034797238,-2.7751583238593103,-1.2091556112908206,-1.410665304672076,-1.4103199353709732,-1.308830445535928,-1.3205741671763387,-0.7702398359655774,2.543298090182653,1,2,2,2,1,2,2,1,1,1,-1,-1,-1,-1,-1,-1,-1,-1,-1,-1,0.5525161397119682,CIN
TCGA-CG-4441-01,-0.1262,-0.2121,-0.1686,-0.1412,-0.1962,2.5596,-0.1381,2.012,-0.2305,2.264,1.1604,-0.2815,-0.2401,0.7019,-0.0601,-0.2888,-0.2919,-0.041,-0.2149,-0.1999,2.677,-0.1777,-0.1495,0.7273,2.1864,0.4159,-0.2624,-0.2759,-0.1892,-0.0922,-0.5037,-0.3801,1.3784,1.8348,0.904,-0.0603,3.0967,1.1917,-0.1861,-0.2199,-0.3228,-0.4395,-0.5257,1.4334,-0.3186,2.5746904987272257,3.325662143291124,-0.80571141788748,4.990548780126224,3.0765751768687624,-1.965192843843166,-2.8166161227289317,0.5726082857607068,-0.735763028092653,0.48505012902858696,-0.49300237619082604,1.0743444815851984,0.9442195846210151,-1.6420444476824192,-1.012600491716985,0.1427997954511479,-0.8038004540903901,-1.9516661978895962,0.3618728650934614,-3.515283830367562,-3.4024511502944863,-1.5928865679203295,-2.584894738481849,-0.3058170835799143,-0.693135169189882,-1.8947330135012561,-2.2727497138934285,-0.5722537811091153,0.25455702976081857,0.2531276823707056,1,1,1,1,1,1,1,1,1,1,0,0,0,0,0,0,0,0,0,0,0.16615626551895382,CIN
TCGA-CG-4443-01,-0.2151,-0.1244,-0.1814,-0.1412,-0.2001,10.8269,-0.1985,1.976,6.7988,2.8484,-0.2393,-0.2815,-0.2509,-0.8129,-0.3224,-0.2101,-0.1734,-0.0597,1.5137,40.644,17.165,-0.1751,-0.1997,5.5606,10.9326,1.0307,-0.2624,-0.1869,-0.1908,0.0317,0.1706,-0.2093,-0.734,3.3201,-0.5542,-0.344,1.949,16.5864,-0.2412,-0.2823,-0.4555,-0.4263,-0.5859,-0.0951,-0.4828,-0.592927692564255,-0.8912851896211905,-0.9416191713622137,-1.0918319630174445,-0.9362133770940906,-1.4309981558288618,-0.7955782899408629,1.5141350905003745,-0.7299437092277663,0.8454439992210466,-0.48930323543502635,0.18795141255546013,1.367449143430425,-0.8814805432562036,-1.279833938708497,-1.1257062528520587,-0.19699472791883843,3.2749743272765093,-0.38558259132659595,-2.6012546477342653,-0.811509117959896,-1.1407990474386347,-1.1307380404212735,-0.0002797463493576816,-0.24855312883602362,2.2668750734480896,-1.2225325566664855,0.19049302581123953,0.2829400271376248,-0.43778197705282607,2,2,2,2,2,2,2,2,2,2,0,-1,-1,-1,-1,-1,-1,-1,-1,-1,0.42807482204932956,CIN
TCGA-CG-4444-01,-0.2166,-0.1447,-0.1153,-0.1142,-0.1999,4.0288,0.4832,2.4799,-0.2065,2.3754,2.0397,-0.2815,0.1239,1.5499,3.1599,-0.1898,-0.3415,3.8495,-0.2329,-0.211,5.7881,-0.141,-0.2156,1.4805,2.6659,2.5723,-0.2624,0.3755,-0.1017,-0.1221,-0.3631,-0.2634,-0.0347,1.2385,5.3603,-0.474,-0.6456,1.4242,-0.1874,-0.29,-0.4332,-0.2942,-0.3654,0.4189,-0.5247,2.324099524167814,2.112955016540395,0.005960373194822343,3.690181506877637,0.603775617911239,-1.524690161459625,-0.7094892952519187,5.677421701729867,-2.5621435412880897,1.869265334033165,-0.4020844602703719,0.3409635925378213,1.5324011116429808,-1.175085506401302,-0.8448756961111744,0.7064377799116233,-1.2289178769543556,-0.45777685665779166,0.09936245791623631,-1.203573811030334,0.7954511336129687,0.005911476180895232,0.5171447791882772,-1.781783831821287,-0.9787960921873581,0.668084866107088,-1.171510652440547,-1.636215961393677,0.327611850314776,-0.8300684665029864,1,1,1,1,1,1,1,1,1,1,-1,-1,-1,-1,-1,-1,-1,-1,-1,-1,0.8230425426253931,CIN
TCGA-CG-4449-01,3.0394,-0.1581,-0.1711,-0.1394,-0.1964,6.8057,1.1163,1.3793,-0.273,3.223,1.3791,0.2375,-0.0888,1.3605,10.964,0.0165,2.9559,3.1741,-0.243,-0.2033,3.969,-0.1616,2.2487,1.4639,0.7176,3.9954,-0.2534,1.3856,-0.1803,-0.0543,-0.4079,0.1566,2.1726,2.1017,1.8521,-0.4444,0.528,2.1195,-0.2207,-0.1897,0.0358,-0.3667,-0.3976,1.5767,-0.2707,-0.06328117170107506,0.4657961558843081,-0.4121042802697639,0.29237128364478543,0.695512052854657,0.1126380355052611,0.3859548328340285,1.093248944876867,-1.0423551871775476,0.16289018479738154,0.3914917667858834,0.4460771217922935,-0.17969286274346127,-0.6085149298393195,-0.8664201260627696,0.5332558060652894,0.419549999341553,-0.14744112891399652,-0.45435184477663404,-0.05835154293737787,0.9385155322341866,0.5025915404739565,-0.10468592043292164,-0.6512252210225555,-0.5946787516653154,-0.1812704572367993,0.4143335732932902,0.2750869030426219,-0.316474783831572,0.4635286392572821,1,2,2,2,2,2,2,2,1,2,-1,-1,-1,-1,-1,-1,-1,-1,-1,-1,0.5639794735970866,CIN
TCGA-CG-4462-01,-0.1972,-0.2089,-0.1371,-0.1393,-0.1977,-0.8082,-0.2479,-1.2381,-0.293,-1.1967,-0.9706,-0.2815,-0.2619,-1.0708,-0.7457,0.2445,-0.3415,-0.9048,-0.2312,-0.1976,-0.5492,-0.1521,-0.206,-1.0059,-0.6437,-0.8663,-0.2624,-0.7162,-0.1895,-0.1053,-0.1494,0.6886,-0.5798,-1.1968,-1.1273,-0.2392,-0.7132,-0.7954,-0.2456,-0.1678,2.066,-0.0694,1.9751,-1.1032,0.412,-2.2914584094329205,-3.531917018945883,0.8232378402581866,-8.201100099244131,-4.284654762646146,5.534600545441664,3.6303234914163864,-2.0158081389998928,5.949574771476565,-1.28701768438149,1.3191989611626282,0.23420866122849804,-0.9636349595988833,5.164677535280808,2.8974618611788565,3.347723449419784,4.261283840804667,4.2455984757260685,3.6183112024073982,19.064272401574566,12.44298021211708,5.720486251842934,10.187105072606151,1.1919794637505718,2.8319319050811727,2.284056355042017,6.660145089393094,6.715273109966977,2.192350676797404,7.959546423375409,0,0,0,0,0,0,0,0,0,0,0,0,0,0,0,0,0,0,0,0,0.09762456546929317,GS
TCGA-CG-4466-01,-0.1439,-0.2056,-0.1916,-0.1412,-0.1761,4.9019,0.4439,4.4152,0.1031,2.3639,6.3932,-0.2659,-0.211,3.966,0.1045,-0.1102,3.0418,2.8785,0.0073,-0.1605,7.3121,-0.1626,-0.1852,4.9014,6.1912,133.1783,-0.2624,3.1203,-0.1905,-0.099,-0.427,-0.3416,3.7915,4.5178,3.9686,0.3706,0.1828,4.4755,-0.2233,-0.4768,-0.7083,-0.4951,-0.5861,1.186,-0.5597,0.10676413106004676,0.22560137366854405,-0.11689773870019658,0.20565307308176697,0.06515751089223012,-0.7082790884121196,-0.5572315134220939,0.4868445340999894,-0.9061338013161311,0.14416942621156872,-0.24685251813823103,0.05079124347758615,0.1404538601092605,-0.5907790069426393,-0.5446544779433247,-0.41777357276148397,-0.40740769201857663,-0.26984369370652067,0.023898606156031246,-1.1906598097298864,-0.6915271567399615,-0.4709878463437101,-0.7789379865833631,-0.28807734276051167,-0.4732475741142702,-0.3681016945483521,-0.5363192916762499,-0.3757972619300124,-0.09278650497658088,-0.30487734712807946,1,1,1,1,1,1,1,1,1,1,-1,-1,-1,-1,-1,-1,-1,-1,-1,-1,0.6052391988081444,CIN
TCGA-CG-4469-01,-0.1924,-0.1962,-0.1862,-0.141,-0.2001,3.6293,-0.2645,2.2996,-0.281,1.2371,3.2443,-0.2815,0.1733,1.6566,0.5733,-0.0794,-0.3415,0.9728,-0.2263,-0.2119,3.9252,-0.1825,-0.2156,3.1498,3.5755,1.1194,-0.2569,1.0631,-0.1911,-0.1219,-0.4938,-0.338,1.9265,0.8348,0.8654,-0.0176,-0.5995,1.8774,-0.2081,-0.3469,-0.4172,-0.4683,-0.6377,0.2361,-0.107,-0.017327119817477355,0.7679152317293707,-0.8424065794299717,2.8987771370415727,1.1850805695134634,-1.6705321700359208,-1.0860924380550439,4.909120524052281,-3.6750368918873804,2.3658038799933907,-1.9645524907325207,-1.1016770874842945,1.098536379234859,-2.256202156705832,-0.6178238217054539,0.8269739656786292,0.19918606220757004,-2.0357718785495935,0.49787068675949736,-0.9773035755402165,-2.523260146749093,-0.8061866555046342,-1.4757825224405987,-1.8703392292614844,-1.4405876009263652,-1.0462138301821453,-0.49174697176940074,0.3232077035537011,0.4064782433593279,-0.6069817226827071,1,1,1,1,1,1,1,1,1,1,-1,0,0,0,0,0,0,0,0,0,0.3105446118192352,CIN
TCGA-CG-4472-01,-0.1986,-0.2034,-0.1173,-0.1407,-0.1986,1.5866,-0.2597,-0.9332,-0.2695,-1.045,-1.1226,-0.2815,-0.2534,-0.8527,-0.9781,0.4017,-0.3415,-0.9002,-0.2308,-0.1985,1.0278,-0.158,-0.2156,-0.3875,0.9976,0.2484,-0.2624,-1.0002,-0.1525,-0.1267,-0.0867,0.1835,-0.5625,-1.5048,-0.982,-0.2085,-0.0773,-0.7083,-0.2209,0.0758,0.3826,-0.2301,0.0492,-1.1364,-0.267,-1.353326880960312,-1.7263744347569503,-0.4700180862173603,-4.718934162057191,-2.812535920288429,2.433779184758492,1.961225045657339,3.592274468627138,1.340096585115704,0.38884439356123035,0.3183686060658261,-0.2734836829899936,-0.03939337876158916,1.3269371367480292,1.2981039840919368,1.8748726664402557,2.0940445770615748,1.7013847033495193,0.5475436629802004,8.539796859623427,7.119455309142555,3.1091590190803093,6.035519310042019,0.13820396671903293,1.2941116839058568,0.6564287830392418,4.181550258589438,1.8734255790135406,1.888465952552299,1.6461484984410075,1,1,1,1,1,1,1,1,1,1,0,0,0,0,0,0,0,0,0,0,0.4714451249793081,CIN
TCGA-CG-4474-01,-0.2148,-0.2079,-0.1528,-0.1375,-0.1938,-0.022,-0.2204,0.3348,-0.2027,-0.0197,-0.3145,-0.2769,-0.255,0.2858,-0.0022,-0.0524,-0.3415,0.2055,-0.2345,-0.2112,0.9285,-0.1431,-0.2017,-0.0614,-0.5516,-0.9275,-0.2624,0.6719,-0.1716,-0.1267,-0.4254,-0.2426,0.6445,-0.1957,-0.0888,-0.4162,-0.6914,-0.6264,-0.1913,-0.1679,-0.1848,-0.281,-0.4897,-0.5359,-0.2575,0.36765253662771263,-0.3373854100215413,1.5644845720125766,0.5123365612539303,0.8401608275096863,0.7089106754850342,-0.007519923253403552,3.037080009008662,2.4855127673183786,1.0146609321852225,0.022761563176532204,0.6770852914860503,-0.7268957600227376,-0.36360009705634583,2.9008643148238544,2.2147564491035467,0.26656666361221737,0.9467259425431838,0.38169549283393056,5.8015094881934655,3.5052597265983354,1.2408832224823216,3.4829829252733915,0.26507965943232803,1.1161661908633576,1.7391568101905985,1.900721920324254,0.3451696915120734,0.9217259907151847,-0.5517923249896973,0,0,0,0,0,0,0,0,0,0,-2,0,0,0,0,0,0,0,0,0,0.3028058268498593,GS
TCGA-CG-4475-01,-0.1783,-0.1979,-0.1798,-0.1409,-0.1924,3.095,2.0501,0.8211,-0.1971,0.9535,2.4728,-0.2756,0.1214,0.5651,0.4948,-0.2043,-0.3415,1.3291,-0.1199,-0.1917,3.1976,-0.175,-0.2156,0.5306,4.6109,1.179,-0.2624,0.5522,-0.1898,-0.1173,-0.3533,-0.0832,1.2504,1.7602,1.7198,-0.0613,1.1901,3.5313,-0.2406,-0.3261,0.0915,-0.4278,-0.3047,0.5118,-0.533,-0.25838949233218783,-0.7936768667277174,-0.9067003638460384,0.7022553422394766,-0.2249320830117327,-0.9681409163686232,0.029298938354474367,4.815502723158212,0.8093255431714859,0.5924465885465233,-0.7162307079526854,1.5769887727815546,0.28059221502659915,-0.01594205526842947,-0.6472876123371224,0.3693209406579493,1.525511876896221,0.01783133766662233,0.12132775849707889,0.291105386321421,1.0411240796316563,0.36345318952745626,0.9714540987192304,1.9884812872499578,-0.8868604516658949,-0.7415942234141635,0.369797817302323,0.7618888967588774,-0.4730418688748606,1.0994081487971723,1,1,1,1,1,1,1,1,1,1,-1,-2,-2,-2,-2,-2,-2,-2,-2,-2,0.6085912928323125,CIN
TCGA-CG-4476-01,0.2232,-0.1729,-0.0878,-0.1397,0.4526,1.2675,0.1371,-0.0795,-0.2264,0.0964,1.3128,-0.2815,-0.2526,-0.6704,-0.5733,-0.0485,-0.2841,-0.3718,0.5017,-0.1581,1.9069,-0.0998,2.2219,0.4983,4.6535,-0.7045,0.4354,-0.2964,-0.1315,-0.1267,-0.2009,0.1799,0.1686,0.4447,-0.1584,-0.3655,-0.5183,4.1663,-0.1687,0.0224,0.3505,-0.1907,0.568,-0.5177,0.0585,-1.2190846794465708,-1.8894411413705776,-0.6794575832776765,-2.925436757640885,-1.4453837327111776,1.9506842258845647,1.2605391183010168,3.7595632720186285,0.9433139444773208,-0.39856858302815773,0.07046821521209749,-0.5942297212830155,-0.8919054422203383,1.1354176093821216,1.1316867084119928,1.9160068682996676,2.4669740548218013,2.3498882161844015,1.1001698152307466,6.785373536469935,6.816544774450618,2.014018792648586,5.310711003889843,1.0598592257686048,1.9365898604340492,0.1579375214246157,3.2736599743494286,1.1791637505610746,1.345351538648761,1.0387485759170072,1,1,2,1,1,1,1,1,1,1,-1,-1,-1,-1,-1,-1,-1,-1,-1,-1,0.6002731335871544,CIN
TCGA-CG-4477-01,-0.0253,-0.1845,-0.1255,-0.1406,-0.1888,1.5905,0.6064,1.0922,-0.2111,0.4208,1.861,-0.2661,-0.2405,1.5828,0.0146,-0.075,-0.323,0.8126,3.8927,1.4994,2.0007,-0.1492,-0.2105,0.779,-0.4735,1.6389,-0.2624,0.2836,-0.1354,0.3539,-0.5118,-0.2192,1.023,-0.159,0.9176,-0.4619,-0.5997,-0.0106,-0.2073,-0.0492,-0.3874,-0.3854,-0.3877,-0.0384,-0.4227,0.042209620614597494,0.2775989115609004,-1.040334328952069,-0.2112400499906653,-0.8416168103291312,-2.6744993965767523,-0.7881283205746001,1.3584125129513267,-0.4609112194511464,0.15731490697324152,-0.5513777545967345,0.3314625762917405,-0.35136405244411484,-0.6746989428272547,-0.341366537309821,-0.6959758071423842,-0.594327832131052,-1.2755707255216115,-1.6216339850578554,-0.4230305985083306,-2.1400281945390396,0.31586330092028936,-1.3336085172091845,-1.5652912703114337,0.31947694097213897,1.107894372872217,-0.8170353972258191,-0.9592095271314429,-0.37394283770864845,-1.1972551048547784,0,0,0,0,0,0,0,0,0,0,-1,-1,-1,-1,-1,-1,-1,-1,-1,-1,0.496234067207416,CIN
TCGA-CG-5717-01,1.2602,-0.2119,-0.0561,-0.1412,-0.1971,-0.3908,-0.0518,-1.1764,-0.293,-1.0457,-1.0092,-0.2815,-0.2564,-1.0524,-0.6478,-0.3137,-0.3415,-0.9559,-0.1836,-0.2049,-0.333,0.0229,-0.2156,-0.4429,-0.7458,1.2777,-0.2624,-1.2966,-0.0749,3.0572,-0.2772,-0.3135,-0.9183,-0.9199,-0.9449,-0.4555,-0.2475,-1.1493,-0.1455,-0.1888,-0.4625,-0.1588,-0.32,-0.7099,-0.1772,-0.2500450043797634,-1.0351104975071195,-0.2203077255002444,-3.842518138165913,-1.5303352861054103,-0.9166289710542507,-0.09234726869540821,-1.966201216709035,5.212358532578694,-2.137551620646484,-0.09829038579560913,-0.9245157955029915,-0.015934479983113346,-0.33267624760485887,0.9323932287791491,2.1898432109005803,2.5994603469783364,-0.205407551825475,0.8604381075116184,-0.11792757149670278,0.34630871750322817,0.4842471773001818,1.0326226892334305,1.1421280609502942,0.3334978894974637,-0.36351618570738253,-0.16530648680774773,-0.011800758288145983,-0.24034940662260257,0.015763376061102723,0,0,0,0,0,0,0,0,0,0,0,-1,-1,-1,-1,-1,-1,-1,-1,-1,0.09534845224300613,GS
TCGA-CG-5718-01,10.8311,-0.204,-0.1445,-0.139,-0.2001,3.9114,-0.1551,2.5013,5.3457,1.8773,1.1346,-0.2304,-0.2575,0.375,-0.409,-0.2778,-0.2623,-0.0813,-0.0251,6.8638,2.0526,-0.177,3.3785,-0.658,6.4805,1.5259,-0.2058,-0.2343,-0.1555,-0.1267,-0.5164,-0.3759,-0.4908,4.5928,-0.2815,-0.5022,2.1918,1.1535,-0.1834,-0.2873,-0.6689,-0.3949,-0.6166,3.4468,-0.5036,0.938910565332407,1.550931342543214,-0.480457240112352,1.2920629988170973,0.5807790960791183,-1.4010820179677521,-1.322376073940977,0.4674178897623947,-1.7734172028583073,1.8343247791028159,-0.4123274065385846,-0.08953522595594632,0.27441928782758235,-0.6615246443677596,-2.1059983220179492,-1.2161920565658584,-0.6910022876049238,-1.2584111644275826,-0.08662057618847309,-1.341380347644013,-3.8000401122466947,-1.7210668682268377,-1.9848808620669938,0.32120967210411844,-0.9067243830652842,-1.3661841347907633,-2.4563774232608653,-1.3491220569720446,-1.2370075392411235,-0.4294327466960095,1,1,1,1,2,1,1,2,1,1,0,-1,-1,-1,-1,-1,-1,-1,-1,-1,0.4703691441814269,CIN
TCGA-CG-5719-01,-0.2157,-0.2069,-0.0963,-0.136,-0.1981,0.5908,-0.1085,-0.2554,-0.2386,-0.5471,-0.0649,-0.2815,-0.2114,-0.4761,-0.433,-0.2336,-0.3415,-0.6088,-0.1649,-0.161,1.3501,-0.1681,-0.2156,-1.3454,-0.7967,1.1547,-0.2618,0.124,-0.1884,-0.0952,0.0872,0.159,-0.8213,0.2488,0.1107,-0.3599,-0.6451,-0.3028,-0.2252,-0.2689,-0.1243,-0.195,-0.2562,0.5779,-0.4232,-0.24293163570899357,-0.4563012093247084,-0.22036308813844468,-2.295224329701849,-0.415961645133691,0.6318746491340493,-0.18007530898964322,-1.1886992175071043,1.0615776718893413,0.08540357706547219,-0.08209355338034403,-0.28432668328988653,-0.308039674146878,0.2721587166165456,-0.6117782171479703,-0.0502372400179319,0.3089441401709426,-0.4314500339907068,0.07279611597915932,-0.38722582365997704,-0.23112997106095404,-0.3132645658057697,-0.07460378767541763,0.441053167120893,-0.05385657128832797,-0.3226270958633193,-0.6552207551196089,0.5302002389768337,0.024681850647690042,2.256779140493818,1,1,1,1,1,1,1,1,1,1,0,-1,-1,-1,-1,-1,-1,-1,-1,-1,0.388180764774044,CIN
TCGA-CG-5720-01,-0.2128,-0.2139,-0.1236,-0.1373,-0.1948,0.2799,-0.2747,0.3648,-0.2625,0.5103,-0.1593,-0.2815,-0.2505,-0.214,-0.1931,-0.2653,-0.3415,-0.4803,-0.2005,-0.2109,0.9726,-0.1529,-0.2156,-0.7896,-0.3127,-0.3757,-0.262,-0.3337,-0.1443,-0.1235,-0.367,-0.3487,-0.6951,0.1111,-0.2556,-0.3243,-0.7165,-0.0879,-0.1758,-0.1632,-0.4229,-0.3303,-0.3543,0.922,-0.3541,2.2835559820753915,1.6911759175406151,0.2912001053620724,2.110399861532627,1.5773331131272694,-0.01306963120417401,-3.4598848943860565,0.4527277351355645,-0.19809234494795394,0.257240192198914,-0.5779458399026248,-1.1018392042953893,0.3823218271068485,-1.7638368721828228,-1.843594924169538,0.5348320037263837,-1.5289992869823932,-0.8060094361854198,1.2758813923046946,-2.4047529509363135,-4.192126662954635,-1.6496179570073461,-2.1956705025683543,-0.025203432158662303,0.1019441290117693,-1.2051633645649766,-4.7329741431793275,-0.6935495645100825,-1.4507877870043098,0.0693355902720392,0,0,0,0,0,0,0,0,0,0,-2,1,1,1,1,1,1,1,1,1,0.05342658500248303,GS
TCGA-CG-5724-01,-0.1619,-0.1803,-0.1826,2.3089,-0.1955,3.3097,-0.194,9.0178,-0.2876,2.5424,0.6165,-0.2692,-0.2493,2.3095,0.1419,-0.285,-0.3036,1.4342,-0.2343,-0.2084,3.2356,-0.1778,2.5945,0.4766,1.2859,3.9071,-0.2615,1.8769,-0.1832,-0.1125,-0.5525,-0.4184,2.8622,0.9606,3.5143,4.3654,0.1284,1.5876,-0.2187,-0.3298,-0.6369,-0.4895,0.6016,5.1007,0.0135,1.767535753600067,2.325401828547869,-0.12602833509934944,2.3645614266896264,2.300123821455838,-0.7375076170627868,-1.7275936901512963,0.18637841725723148,-0.816618316896971,1.0762262826143665,-0.48860396775351667,-0.5895079532089392,-0.0704557804583029,-0.20597817777700667,-1.8168940343608466,-0.5788696476761261,-1.2502317482322853,-0.7013404865364193,0.25257770300735705,-3.446106199479503,-3.515460644855813,-0.554827148600932,-3.018810696750102,-0.3328613856147228,-1.3514733271186603,-0.5608370978061046,-2.430211365522515,-1.401555039104098,-1.0995147403377876,-1.0531570169652353,1,1,1,1,1,1,1,1,1,1,-1,0,0,0,0,0,0,0,0,0,0.7500827677536832,CIN
TCGA-CG-5730-01,-0.2218,-0.2011,-0.1049,-0.1412,-0.1943,-1.2524,-0.1336,-0.6168,-0.1547,-0.6236,-1.2926,-0.2772,-0.2384,-1.2413,-1.0137,-0.3244,-0.3415,-1.0929,0.1598,-0.2069,-0.688,-0.1713,-0.2156,-1.679,-0.9404,-1.1754,-0.2624,-0.5168,-0.1155,-0.1267,-0.5155,-0.351,-1.2813,-1.2872,-0.6353,-0.4972,-0.5368,-1.4013,-0.1612,-0.3736,-0.507,-0.4633,0.2503,-1.1933,1.7436,-0.43283687872349086,-1.9607312649956428,0.7243336855912003,-6.853237975531177,-2.692779575936313,-0.689013798056397,-2.2558467995153952,-2.6591215445364753,-0.698054716128502,-2.4637995512503017,-0.5517626417239417,-0.717069914445067,0.39210841038713545,-1.3128919678169408,-1.5226765809966334,0.2542662403791496,-0.5319771670638158,0.1038779301946839,0.5824706318739369,-4.221135292919312,-3.4864809244957837,2.3521240569910193,-3.051952306117328,-0.09102071903510364,-0.7024594590649538,-1.3516411601980065,-3.054947424452485,-1.6300431047630723,1.1596493812726887,-0.88174159499494,1,1,1,1,1,1,1,1,1,1,-1,0,0,0,0,0,0,0,0,0,0.536583347127959,CIN
TCGA-CG-5732-01,0.0978,-0.1822,0.1441,-0.1403,-0.1586,2.7298,0.0812,1.5041,1.1853,2.0155,0.1328,-0.2815,-0.2598,-1.0221,-0.7658,-0.3331,-0.3415,-0.4001,0.0345,-0.1495,9.8004,-0.0275,0.4325,1.8076,1.6156,0.7389,-0.0163,-0.3046,0.1936,-0.0962,-0.5001,-0.4236,-1.0095,1.5894,0.2923,-0.4777,0.0664,2.5195,0.0253,-0.135,-0.6047,-0.1512,-0.4826,-0.2458,-0.437,-0.16391962644924923,-1.157408750637598,-0.3288810405080465,-4.568287494974931,-1.997356954876269,-0.46810636681787676,-2.870045796439355,-1.017677487985948,-2.6452988026404824,-1.0732054539605924,-0.29427431661188674,1.0438175684987752,0.5292570382411663,0.13886848279721276,-1.1224971707373594,-1.16091628193559,-1.2626353746272825,-1.6146088320129688,0.33225877803161175,-2.76250495932032,-2.7821627297099094,-0.9787088320715364,-0.9428733948649729,-0.6566416819767356,1.1070944061231096,-2.5501589693311586,-3.3620391684415325,-1.6149192996152546,0.05636181153410138,-1.125103915419907,2,2,2,2,2,2,2,2,2,2,-1,0,0,0,0,0,0,0,0,0,0.4786459195497434,CIN
TCGA-CG-5734-01,-0.2105,2.6286,-0.1345,-0.1405,-0.0349,-0.813,-0.1632,-0.8124,-0.0994,-0.2265,-1.1581,-0.2815,-0.2566,-1.2678,-1.0522,-0.3193,-0.3415,-1.143,-0.1039,-0.2052,0.8224,-0.1794,-0.2156,-1.7029,-1.5834,-1.1886,-0.2624,-0.0047,-0.1764,-0.1267,-0.568,-0.1317,-1.314,-0.942,-0.6562,-0.4943,0.0175,-1.3762,-0.2273,-0.361,-0.6754,-0.5208,0.2696,-1.102,2.8605,0.20548589044133905,-2.3722700457633867,0.9433642924573957,-8.34178456206176,-3.1900196292427223,-0.4673974740648321,-2.7997996751027285,-3.3530541423925215,-0.5165856140520347,-2.686324138890844,-0.824161315936144,-0.4618504644695387,0.5274863737511961,-1.0588528023472443,-1.9277133133589042,0.5666970940643817,-0.618126046013159,0.1807070755490819,0.4943957779788402,-4.640868714353623,-4.409008927749892,3.5707135283149585,-4.106108701278141,0.6928591519521081,-1.5281661613396813,-1.8943684618948933,-3.2255808603842437,-2.086995938989445,1.5525633089924218,-1.1086886528517146,1,1,1,1,1,1,1,1,1,1,0,0,0,0,0,0,0,0,0,0,0.1313938089720245,GS
TCGA-D7-5578-01,-0.2094,-0.2059,-0.0443,-0.139,-0.1309,4.816,-0.1701,1.3565,-0.1051,2.3221,2.1546,-0.2741,0.0074,0.1683,0.1935,-0.2662,-0.3007,-0.3785,-0.2193,-0.201,5.476,-0.1234,-0.1428,1.0394,2.9902,1.5242,-0.2537,-0.8226,0.0258,-0.1249,-0.347,-0.377,-0.3375,3.4007,0.2033,-0.2729,-0.6235,3.3299,-0.1408,-0.285,-0.3508,-0.2447,-0.3907,2.1201,-0.3049,1.7928544243303337,2.009113636546713,0.5016999312030425,3.3838761261475536,1.6078646800546799,-1.2915358375218466,-2.394755702829051,2.3374478048369234,-0.9567594503408288,2.0333050769926153,0.681837861565366,-1.31961078511672,0.07583986729259255,-1.5760784812653719,-2.1253153823617126,-0.88931263322755,-0.8735878405716825,-1.1025700467419313,0.9141403968613895,-4.006221214452651,-3.712449302099326,-2.004582053461188,-2.628435495019671,-1.0896673395239511,-0.6219063247705612,-1.13054278696955,-3.1345400505378795,-1.1427889284759707,1.0977356825997657,0.32247289714061766,1,1,1,1,1,1,1,1,1,1,-1,-1,-1,-1,-1,-1,-1,-1,-1,-1,0.6158334712795894,CIN
TCGA-D7-6518-01,-0.1695,-0.2061,-0.0769,-0.1394,-0.0277,-0.0754,-0.0327,-0.0043,-0.2329,-1.2846,-1.2096,-0.2794,-0.2337,-0.4914,-0.9155,-0.2302,-0.3415,-0.8876,-0.0548,-0.2038,1.2417,-0.1154,-0.1821,-1.1355,-1.0299,-0.8503,-0.2548,-1.0257,-0.1449,-0.1199,0.3648,0.2064,-1.0561,-0.4311,-1.3643,-0.3197,-0.3086,-0.7022,-0.2171,-0.2203,0.2775,0.3632,0.1856,-0.8986,0.1283,-2.1918746227111057,-2.768822068679004,1.759897352478253,-7.393740855522733,-3.0164864075699804,2.133939221218886,1.2998607768007082,-3.501558855363633,1.0770788322831055,-0.31159622558637656,1.0411282448684411,-1.2611058724494746,-1.4361992172004985,0.457602587084729,-0.3574987468101317,0.6881848323166063,1.127098382875941,1.1140913014309193,2.3249517157933934,-0.7389037293185606,0.9605894385169946,1.6928368508135152,-0.9622849519711205,-0.9002309193702323,-0.4968589522234221,0.4506805256195073,1.0553429224945905,1.2996874795021198,1.2163839398590253,3.423534785004061,1,1,1,1,1,1,1,1,1,1,-1,-1,-1,-1,-1,-1,-1,-1,-1,-1,0.4549329581195166,CIN
TCGA-D7-6519-01,-0.2164,-0.1893,-0.1833,-0.1382,-0.1952,1.5592,2.5592,2.215,-0.2875,0.9254,0.3491,-0.2815,1.0278,0.8217,1.275,-0.0581,-0.3415,-0.3408,-0.2233,-0.1974,3.714,-0.1799,-0.2156,-0.0281,1.8932,0.6634,-0.2624,0.0137,-0.1864,-0.1121,-0.4433,-0.3105,0.3753,1.4086,-0.5631,17.8676,1.6871,1.1958,-0.2372,-0.2653,-0.7121,-0.563,-0.3935,0.8789,-0.3176,0.0792274860909785,-0.022191055242725882,-0.6097261841878732,0.1587776519064105,0.5293234455517647,-0.5991648477801986,-1.7995674443943876,1.818036073084863,0.2765842877974035,1.4179337257554117,0.27177891674964,0.05842702478796502,0.11298998030982527,-1.2882019098797362,-2.0098291170469054,0.33066159530026507,-1.0804254802225022,-0.8214711052375462,-0.3445156762945182,-4.529220866544475,-2.1353209669303586,-1.6642311580486273,-1.8813040862018484,0.8095434715211912,-1.4765050446863701,-0.9356361473217901,-2.1762936113002476,-1.3334786283234756,-0.07692212834675166,-2.3927710712907624,1,1,1,1,1,1,1,1,1,1,-1,2,2,2,2,2,2,2,2,2,0.6708740274788942,CIN
TCGA-D7-6520-01,1.7439,-0.2004,-0.1752,4.3374,-0.1878,2.1974,-0.0173,-0.218,0.123,-0.1804,0.2753,2.2927,0.2784,-0.0072,0.1304,-0.275,-0.322,-0.7686,-0.164,-0.1104,2.9501,-0.1812,8.3405,-0.7285,0.9093,1.4893,5.0076,-0.579,-0.1911,-0.0686,-0.5031,-0.4186,-0.7882,2.7791,-0.607,-0.5002,-0.0006,2.4136,-0.2297,-0.2394,-0.472,-0.4737,-0.0006,1.2998,-0.328,0.08875502994897146,-1.2150114919933983,-0.33212772410822816,-2.627369580302768,-1.120169776856274,-0.46077306436322385,-0.8257369877126257,-0.20923643996012922,-0.0352854608732576,2.049750768811491,-0.5510068230489643,0.16726876646787367,0.22774105307495704,-0.17501320143448323,-1.5998376461556643,0.5446939094338301,-0.7129082820286048,-0.6956895070744921,0.12200685012329879,-2.347267591390238,-2.260995163259491,-1.6221917069610132,-1.9012204123162881,0.16681420887330686,-0.09364116727016773,-1.6859356551963056,-2.010289499508063,-0.6169203087194726,-1.2921179912951386,-0.5737859021635053,1,1,1,1,1,1,1,1,1,1,-1,0,0,0,0,0,0,0,0,0,0.40779672239695414,CIN
TCGA-D7-6521-01,-0.2174,-0.2051,-0.0112,-0.1404,-0.09,0.0028,-0.0266,-0.658,-0.2126,-0.6716,-0.8802,-0.2815,-0.2578,-0.5521,-0.3564,-0.2157,-0.3415,-0.7489,-0.2236,-0.1999,1.3605,-0.0241,-0.2144,-1.3327,-0.9351,0.0235,-0.2624,-0.4751,0.0063,-0.1152,-0.3689,-0.295,-0.643,-0.3888,-0.4753,0.6024,-0.4323,-0.1828,-0.0889,-0.175,-0.2133,-0.1292,-0.1266,-0.3761,-0.0381,-0.4235057618949936,-1.367031635579673,-0.7151958959552469,-4.03796054100619,-1.0970442927638808,0.40315210370298443,-0.2931004308004026,-0.2213617652824557,0.10618809592018007,1.6197807942718796,-0.2051794279206925,0.2036114037731814,-0.8590755726808339,0.6286927856687763,0.6714348752214063,0.3953806777181488,-0.3594851140334069,-0.2294384827669688,0.4969935174806941,0.9639796878542966,-0.098949291104156,-0.2604210257798227,1.6434265306662061,-0.02794673252764039,0.5466837512217658,-0.656503428408344,-1.1806429009480852,-0.17775654575012192,-0.5792876013144524,0.8069634508760787,1,1,1,1,1,1,1,1,1,1,0,0,0,0,0,0,0,0,0,0,0.7715609998344645,CIN
TCGA-D7-6522-01,-0.2166,-0.073,0.9561,-0.1024,-0.2001,-0.6409,-0.2585,-0.507,-0.2812,-0.7406,-1.2616,-0.2789,-0.2226,-1.0254,-0.785,0.2446,-0.3415,-1.0809,-0.2325,-0.2097,0.2024,0.2805,-0.2156,-1.5214,-1.1103,-0.9442,-0.261,-0.9364,1.1714,-0.123,0.0823,0.2229,-1.1728,-0.3739,-1.0407,-0.4044,-0.6483,-1.2256,0.7759,0.3784,0.3615,1.073,1.682,-0.5526,8.2222,-0.9295985134945239,-1.440275272215091,2.357432332886739,-5.838340915072075,-2.730410892932171,4.656065669101374,1.4342271964076052,-4.07845884256772,1.6932594616515952,-1.1009040614414216,2.138655990886061,-1.77858364725558,-1.1488805069850452,2.655643951259713,2.611293706256265,-0.06022930455735607,0.6619857920416938,0.8539442997163628,2.146009957324474,9.561098196634351,0.7716121557088005,0.555723463362632,4.731671650295199,-0.3470490086765562,4.901358862339277,1.8135289889127735,-0.9008885449544146,-0.17893454619560784,1.7551701864719325,4.745980684533528,0,0,0,0,0,0,0,0,0,0,0,0,0,0,0,0,0,0,0,0,0.0,GS
TCGA-D7-6524-01,-0.2079,-0.2066,-0.1614,-0.1399,-0.197,-0.5033,-0.2516,-0.6767,-0.2878,-0.5165,-0.7022,-0.2815,-0.2608,-0.5054,-0.2591,-0.2861,-0.3415,-0.6721,-0.2417,-0.1844,0.3733,-0.1534,-0.1929,-0.8222,-0.6315,-0.5272,-0.2618,-0.316,-0.1746,-0.1184,-0.1157,-0.0326,-0.3792,-0.4942,-0.6974,-0.2646,-0.6761,-0.4967,-0.2231,-0.2171,0.5335,-0.1698,-0.2397,-0.3888,0.3841,-0.7098295230479305,-1.7099485910657304,-0.09729038551031943,-3.7745630580265654,-1.2246359410872634,5.396639887734194,2.3071718750175614,-1.7194770516616409,7.45820427028732,-1.3354384765564224,1.482787865127703,0.03774862371239976,-1.0815243283277975,4.1677327279372465,1.275261775846628,3.3056614859392788,4.181121481878327,2.44280519926942,2.0552481291564555,9.068606355027217,7.445780942897367,2.6104119162926236,5.706789661412835,1.4154026502791004,0.21150422317303408,1.0536554024715472,3.0905470121811067,6.364844487935304,0.8786663531985901,8.396128457732093,0,0,0,0,0,0,0,0,0,0,0,0,0,0,0,0,0,0,0,0,0.05338520112564145,GS
TCGA-D7-6525-01,-0.0301,-0.1997,-0.1882,11.631,-0.196,2.0403,4.856,2.4112,-0.2732,1.767,1.3456,-0.2815,2.1011,0.9244,1.5741,-0.3165,-0.3415,-0.1883,-0.2331,-0.201,5.6929,-0.1844,-0.2156,0.9218,2.8964,1.6297,-0.2616,0.0722,-0.1865,-0.0903,-0.6412,-0.4757,1.3772,2.6861,0.8619,8.1342,1.1173,2.9075,-0.2424,-0.4711,-0.5637,-0.5171,-0.3844,2.8365,-0.3438,1.735493041094965,1.5824435459654618,-0.5411151022607321,2.159303723580258,2.372932731556958,-1.369768631726568,-1.680391048709434,0.2678129949552714,1.1108148057845353,1.8286779339618315,-0.36078029900603203,0.4134759274540116,0.20794948954809894,-0.6357737239459403,-1.7521547543123437,-0.5305718439590483,-1.244062759920323,-0.6222932802898631,0.462964635271582,-2.464041314418206,-2.137009561711794,-1.3536826108070859,-1.9722131463184136,0.09092930628254636,-1.5245936120274977,-1.4405826327588065,-1.565403513524819,-0.03248321918015097,-1.262527316810151,-0.6780313573201519,1,1,1,1,1,1,1,1,1,1,0,-1,-1,-1,-1,-1,-1,-1,-1,-1,0.4172736301936765,CIN
TCGA-D7-6526-01,5.6593,-0.2005,-0.1884,-0.0006,-0.154,1.3769,0.5331,1.0243,-0.1201,1.8198,3.7006,0.2293,2.4541,1.5662,15.477,-0.2164,-0.1831,4.0927,-0.0688,-0.1923,7.4232,-0.1752,2.3535,2.9368,1.8869,5.2627,0.1221,0.093,-0.185,0.0239,-0.2403,-0.4817,0.9703,1.8616,8.6487,3.1144,0.682,0.7703,-0.219,-0.4382,-0.5727,-0.4757,-0.3474,1.2487,-0.4823,2.4366859619275236,2.0632579410833225,-0.5251309213962403,2.64366194254632,2.0642474286853583,-0.35177883659863735,-2.0180566345356565,3.609932278350138,-4.321233049348185,2.445880344372006,-0.6303837441138295,0.30745666367139607,0.4067378920687609,-1.4269854098539334,-2.120409046355753,-1.3524381712280507,-0.6320307021982675,-1.333484092347153,0.4643246092153294,-3.2137240780015905,-2.0640452053814586,-0.847733561958884,-2.3064636318238807,-1.708559081378277,-1.1919242763414635,-0.9304509396204841,-1.1693260886939159,-0.2931275155414895,-0.8785137579241815,-0.9161307735401636,1,1,1,1,1,1,1,1,1,1,-1,-1,-1,-1,-1,-1,-1,-1,-1,-1,0.8427412680019865,CIN
TCGA-D7-6527-01,0.0227,-0.2141,-0.1509,-0.1307,-0.2001,0.3198,0.0706,0.5099,-0.0042,1.0029,1.0456,-0.2684,-0.259,0.1689,4.4572,-0.3292,-0.1379,-0.1216,0.5455,-0.1968,0.7969,-0.1804,0.2544,-0.015,-0.9976,0.7118,-0.242,0.0134,-0.166,-0.1267,-0.5546,-0.3982,-0.5272,0.8594,0.5784,-0.5136,2.1467,0.0959,-0.2318,-0.3785,-0.4621,-0.4882,-0.4626,0.3544,-0.3671,0.27688903355237343,0.15287683260933765,-0.22228960518041738,-1.5490294217178888,0.1470938072969567,-1.3017935838865842,-1.4931513523572828,-0.11095936602163589,-2.496226127282565,1.02855794628261,-0.13293725849552968,1.2070698728681566,0.16907124053806807,-1.3175102911959466,-2.072804700363974,-0.9120672855024321,-0.4208904628891369,-0.6105816491045035,0.09390877799400282,-4.2925462533616425,-4.3320181346729205,-1.3810075518296892,-3.0308667270965053,-0.3338126679140545,-2.3301255167230064,-1.8125809478680575,-2.5678919137451213,-1.6591057562384746,0.08026346165933591,-1.0152112488359846,1,2,2,2,1,2,2,1,1,1,-2,-1,-1,-1,-1,-1,-1,-1,-1,-1,0.790845886442642,CIN
TCGA-D7-6528-01,0.0498,-0.1775,-0.1938,-0.1408,-0.1972,7.0077,-0.2386,5.716,-0.2252,4.893,6.0684,-0.2761,-0.2522,4.9938,24.7077,-0.2873,-0.322,1.2237,1.0473,0.3729,8.0386,-0.1796,-0.2114,4.3961,6.6784,1.1254,-0.262,0.7376,-0.1892,-0.1085,-0.4975,-0.4543,1.1628,4.6729,3.326,-0.3607,-0.5559,3.8264,-0.2458,-0.4987,-0.7215,-0.5553,-0.611,5.3476,-0.5108,3.197708090023563,3.8633564470882926,-0.3456646897966566,8.238657651959123,5.595647063028495,-2.840460418928588,-3.1562399154785328,2.6036140713564526,-4.975838856291247,2.6635559485658082,-0.43376395192717787,0.769643943561334,0.6879861958150758,-2.0733310942219476,-2.7088559800152794,-1.518760421222601,-1.6322686815744603,-1.6204753540546128,0.2851259826235806,-6.262347130319465,-3.332312910463223,-3.06202062452963,-2.760607454095915,-0.5269691286655612,-1.6691803874010307,-2.008510723254462,-2.9516078462647335,-1.2110350993964503,-2.2692042318994865,-1.0283231109929798,1,1,1,1,1,1,1,1,1,1,-1,-1,-1,-1,-1,-1,-1,-1,-1,-1,0.8962920046349943,CIN
TCGA-D7-6815-01,-0.0372,-0.2069,-0.1865,-0.136,-0.1453,2.7704,0.0443,0.1838,-0.2765,0.5126,1.5477,-0.2791,-0.0778,0.6465,-0.5372,-0.2781,-0.238,11.9978,-0.1509,-0.2049,4.1818,-0.1775,-0.2156,0.8803,2.1037,15.72,-0.2624,-0.4446,-0.1812,0.4102,-0.4989,-0.4773,0.583,0.9045,18.1692,-0.4449,1.2393,2.1548,-0.2326,-0.3718,-0.1821,-0.5445,-0.6,0.4077,-0.5113,4.425192086741884,4.016211631355287,0.1332482288394285,1.5476538732737635,0.3049915551333292,-1.3694310406563417,-2.1348363290785577,1.8020737146370756,-0.7773015469419883,0.6771535592779311,0.0438375043745257,-0.12258967960818262,-0.021774742112419775,-0.8743843120423246,-1.4689499909103854,0.1950025196860467,0.012709238262088925,-1.0156135805758923,-0.20384031023066496,-1.709641834030083,-0.6569803742408954,-1.3010741647447004,-0.09737969817276687,-0.6168480218673019,-0.11776986413071178,-0.9771545767203839,-0.8336056301066433,-0.9895079266752298,-0.6842400882574315,-0.2572097868542097,1,1,1,1,1,1,1,1,1,1,-1,-1,-1,-1,-1,-1,-1,-1,-1,-1,0.6467886111570932,CIN
TCGA-D7-6817-01,-0.2021,-0.2081,-0.066,-0.1308,-0.193,1.8479,0.0127,0.0796,0.0187,1.4772,0.2946,-0.2719,-0.2255,0.1775,-0.1288,-0.2824,-0.1909,0.9244,-0.1495,-0.207,3.7698,-0.0348,-0.1458,0.9636,4.4839,1.6744,-0.1239,-0.0426,-0.09,0.5193,-0.3164,-0.371,1.0635,-0.2892,0.8625,1.3022,-0.0442,3.7867,-0.0203,-0.3472,-0.2559,0.1903,-0.5062,0.1777,-0.4537,0.6643385979093624,-0.3238995845247893,-0.4524049426061104,-1.2138703316263908,-1.130125517459258,-0.23839268730967333,-0.06046500250320483,1.9101073173594114,-3.256172235187444,-0.13293720562228642,-1.453855737041325,-0.4224710232578964,0.23122754044582047,-1.797279892463069,0.26624670325174393,0.62234249244862,-1.436829303477122,-0.14842912847900086,0.2558211640929727,-2.6143797629077574,0.25989773148907175,-1.0752890024448782,0.23575964205205927,-0.32927649352596733,-0.6458880473873946,-1.2897770229507157,0.38487594755549087,0.4691980352950045,0.3443646567934071,-1.553678352038075,1,1,1,1,1,1,1,1,1,1,0,-1,-1,-1,-1,-1,-1,-1,-1,-1,0.6306902830657176,CIN
TCGA-D7-6818-01,3.286,-0.2129,-0.1359,-0.1392,1.0543,-1.164,0.645,2.7737,2.1686,1.7797,0.0738,-0.2757,-0.2435,2.1091,17.5077,0.1362,-0.3415,1.3584,0.4282,-0.1778,-0.0121,-0.1627,0.0056,0.0821,-0.8242,-0.4398,-0.2615,-0.7501,-0.1678,-0.1003,-0.2957,-0.1899,-0.0571,-0.7303,-0.044,-0.4677,2.3429,-1.4221,-0.2323,-0.0832,0.7077,-0.3756,-0.2651,2.824,-0.4061,0.3076216763877619,0.09514039170524788,-0.02068172509862469,-0.2616419603891122,0.40958175179781503,-0.14309999162308878,-0.32238246224614353,-0.5827767346663623,-0.35981536392478053,-0.13104931411232362,0.12847862284355452,0.08612383679688472,-0.03215173753011188,-0.24744606444613568,-0.321402158571419,-0.1648164973667103,0.2900045922599744,0.4744602148383925,0.5994016636103057,-0.349979199573597,-0.17224165345106193,-0.13634718636992368,-0.376418002825196,-0.2192967747820993,-0.08313853557510097,-0.2619615603307655,-0.5014100618661657,-0.2767907497081345,-0.05174119709057829,0.07368833559668164,1,0,0,0,0,0,0,0,1,0,-2,0,0,0,0,0,0,0,0,0,0.39637477238867735,CIN
TCGA-D7-6820-01,-0.2037,-0.2144,-0.1746,-0.0737,-0.1927,3.3071,-0.2386,1.7937,-0.2437,5.9864,0.7821,0.6159,-0.2598,1.0966,0.5001,-0.3356,-0.3249,-0.0613,0.5375,-0.1818,3.9865,-0.1803,-0.2156,2.0617,7.7672,2.5319,-0.1089,-0.486,-0.1921,-0.1197,-0.5518,-0.436,0.1951,1.6976,0.5527,-0.3551,0.8279,7.0434,-0.2429,-0.4553,-0.4109,-0.4979,-0.6476,0.7066,-0.5282,0.643884867319874,0.09883140309917923,-0.30665531522913975,1.6609728410205955,0.8107254911426068,-0.002182768588892493,-1.1671779947479466,1.2903236772666082,-0.4800030613596977,-0.20972039426148845,-0.6355349965785266,0.4755233931845081,0.4703075616071745,-0.14674239194064512,-0.8001160790800668,-0.4523126246004166,-0.2910299269698218,-0.6788253420568405,-0.3932281736584467,-1.8068610515688246,-0.8749321180079036,-1.0902648840890778,-0.0457328710787571,-0.32653927234169283,-0.6668135233267839,-0.7590635956364352,-1.4863325783344834,0.09288750646996616,-0.9302919057002188,0.492783943822749,2,2,2,2,2,1,2,2,2,2,-1,-1,-1,-1,-1,-1,-1,-1,-1,-1,0.5305413011090879,CIN
TCGA-D7-6822-01,-0.2218,-0.1151,-0.195,-0.1407,-0.1743,5.8995,-0.2196,2.7673,4.2005,1.7189,2.6829,-0.2812,-0.2438,2.2822,3.2155,-0.2413,-0.3415,2.0941,3.6511,45.0139,2.2251,-0.179,-0.2156,2.3747,3.5852,1.6981,-0.262,0.2374,-0.1882,-0.1116,-0.2415,-0.4527,4.39,2.2146,0.3501,0.8504,6.1024,4.4437,-0.1563,-0.4166,-0.0146,-0.5278,-0.624,2.4253,-0.2365,0.5237117461416494,-0.17072261345934894,-0.1505514053938221,1.6878718840033566,0.5812828997325482,-1.353542900041638,-1.6796996534465622,0.490643270318348,-1.8573378639514149,2.4784960489237413,-0.42150546520241244,0.2274495133324689,0.22345272877921923,-0.8940849725741452,-1.7099964070969247,-0.9383674513339465,-0.14753304095710998,-0.995927596915212,-0.22648916881501915,-2.390868976921196,-1.903832728487546,-1.1930609782752855,-1.3919199216941585,-0.9031189542798939,-1.1670896651026106,0.7618428533660954,-0.8309820861869116,-1.1711995162988933,0.7029839258861572,-0.8504253688097804,1,1,1,1,1,1,1,1,1,1,0,-1,-1,-1,-1,-1,-1,-1,-1,-1,0.4932958119516636,CIN
TCGA-D7-8572-01,-0.0232,-0.2125,-0.1526,0.8387,7.8993,2.4383,4.4828,0.5989,0.7481,0.8367,0.3559,5.9469,2.4902,0.5771,0.5381,-0.2404,-0.2715,0.4414,2.485,-0.1917,5.277,-0.1256,2.0685,1.3036,2.9729,-0.442,5.6273,-0.6755,-0.1673,-0.1059,-0.2104,-0.1463,0.1126,1.8487,0.6104,6.9659,1.1108,2.8099,-0.1345,-0.0952,0.1109,-0.2057,-0.3343,-0.0599,-0.3896,-0.31224826438788783,0.4247922951533124,0.10355639107870486,-0.2830978070741262,-0.5063444607601413,-0.586390133073098,-0.32958292303767633,1.3821694409581553,-2.5787743306084274,-1.4367892788647367,0.9884611301617976,-0.8554174003843203,0.3257964737240566,-1.9979658602757644,-1.1649288312593955,-1.3376568501282873,-0.9309157566817526,-0.9136815635358643,0.23161289044325528,-3.034689525360272,-1.350462204473956,-1.3654780795480945,-2.1903532939549666,-0.7508569995566228,-0.5977012378891002,-0.8769702684599024,-0.6753814458543643,0.08617158854045386,0.10373977016340248,-0.3678560643161078,1,1,1,1,1,1,1,1,1,1,0,0,0,0,0,0,0,0,0,0,0.03352094024168184,GS
TCGA-D7-8574-01,-0.1907,-0.1582,0.6544,-0.1356,-0.1628,-0.9184,-0.2402,-1.1504,-0.2866,-1.1178,-0.6726,-0.2773,-0.2254,-1.1265,-1.0717,-0.2226,-0.3415,-0.661,-0.1732,-0.2117,0.2824,0.9123,-0.2156,-0.8259,0.542,-0.4417,-0.2424,-1.319,1.1891,-0.1046,0.3637,1.1746,-1.0332,0.4382,-1.1309,-0.4954,-0.6685,-0.0927,2.7831,0.7656,0.363,3.7501,3.3916,-0.9806,1.2281,-2.5242134167765933,-3.224503814424316,3.3194549892397074,-8.202252003408976,-4.872338530879158,5.770575929077576,5.716384329988829,-2.1602047668988886,1.7198936988360514,-3.81454360507871,1.9197274481083,-2.763867354515024,-2.9009555640222207,5.299535336786832,8.008109511731549,1.5407135492571458,1.2597627160023293,1.4010635583100086,1.744980592981253,10.813887413705814,7.589088987010397,3.061280666216589,8.695294875364038,1.2747015231752994,8.381974568370444,5.344457261144352,3.6504580974029976,1.1557276206535216,3.6359828320095957,1.9685447132116425,0,0,0,0,0,0,0,0,0,0,0,0,0,0,0,0,0,0,0,0,0.06513822214865088,GS
TCGA-D7-8575-01,-0.213,-0.1733,-0.165,-0.1378,-0.1925,-0.5177,-0.1373,-1.2999,-0.2531,-0.8198,-0.8925,-0.2772,0.343,-1.0864,-0.9971,-0.292,-0.3415,-0.817,-0.1988,-0.2097,0.6837,-0.1509,-0.21,-0.9685,1.6819,1.4236,-0.2593,-1.2668,-0.1716,-0.1204,-0.2744,-0.3788,-0.0309,-1.0511,-0.9991,-0.1912,1.4069,1.6022,-0.1523,-0.3202,-0.378,-0.1981,-0.4858,-1.1339,-0.3817,-1.13606966739483,-2.362141906280091,-0.45133293982649514,-4.467178225835253,-2.9713219676261535,2.4762482396714263,0.6252515799913893,0.008737357249428843,1.779273801055015,-1.633857619239692,0.2495455283314054,-0.5769016101455584,0.21593985643412858,1.445520672870014,0.35855345128948957,1.7974935402916192,0.0156494359242532,0.8616434508967246,3.0618039504778443,3.1558306026396847,3.393321774016361,1.7254972987440207,3.9949519817954626,0.19281705164680948,0.1372784046938359,-0.30640657074855765,1.4218479068398788,0.1418994539909796,1.1775444702589661,1.5185555730146543,0,0,0,0,0,0,0,0,0,0,-1,-1,-1,-1,-1,-1,-1,-1,-1,-1,0.40047177619599406,CIN
TCGA-D7-8576-01,-0.1984,-0.2006,-0.1808,-0.1375,-0.1978,6.1156,-0.1097,3.9202,-0.1847,2.6986,7.1728,-0.2757,-0.249,2.1161,0.325,-0.3163,-0.2924,0.1113,-0.2304,-0.2122,12.3216,-0.1609,-0.2114,4.6162,11.6002,-0.5022,-0.2615,0.1326,-0.1867,-0.0951,-0.4835,-0.3089,0.466,6.0535,1.1129,-0.0186,2.2375,9.3461,-0.2241,-0.4111,-0.1971,-0.4486,-0.5458,2.6105,-0.3849,0.5968807187638623,0.3419659079090815,-0.5448098746514157,1.0739513403053877,2.1831115270744794,-0.6503103125930239,-0.9482783725294369,2.8567935029557106,-3.5234599399990087,1.9460669059638211,-0.914101234218376,0.5935494070044285,0.6967689906374217,-1.0548890288159536,-2.106132559580458,0.1343685790758685,-1.5266644788047345,-0.9600833954980857,0.044831022518242815,-3.288249214579722,-0.6976663415588676,-0.6240603240946686,-2.3804531939806415,-0.33011375111354857,-0.7998548303832006,-2.0466155201313985,-1.557635261207246,0.49531523680375816,-0.23017896751597094,0.4725481148074936,2,2,2,2,2,2,2,2,2,2,0,0,0,0,0,0,0,0,0,0,0.6481542790928654,CIN
TCGA-D7-8578-01,-0.1858,-0.2069,-0.1682,0.0197,-0.1559,2.2774,0.371,0.6983,-0.1069,0.1061,0.9409,1.4164,1.4074,0.0093,-0.2578,0.1078,2.7033,-0.4966,-0.2101,-0.1665,5.5211,-0.1402,1.3094,0.9496,4.3848,0.2441,0.0416,-0.7447,-0.1737,1.3226,-0.0331,-0.21,0.0086,4.0503,-0.5896,0.3059,-0.1807,4.5046,-0.1588,-0.2651,-0.0134,-0.3785,-0.2014,0.0224,-0.4164,-0.6874536899284374,-1.3378785796019883,-0.5088727002777798,-2.671495203519378,-1.0736587917464369,0.9833530832230485,-1.9242477509140354,-0.6545618929844291,1.45727080317404,-0.9739319091294869,0.20365818891287712,-0.4752496374495408,-0.4471203303972189,0.545879759655125,-0.00872026197201852,0.33247261055123595,0.9700306666053824,0.2818425621887986,0.5466030071982284,-0.09915880169279367,1.2642383096525647,0.9443673868305745,0.5450590871230501,0.3878671529485782,0.2931938417062115,-0.0735427604026765,-0.014576770559556532,1.3589248973683294,0.5231005674606205,0.5060126572735598,1,1,1,1,1,1,1,1,1,1,0,0,0,0,0,0,0,0,0,0,0.3408376096672736,CIN
TCGA-D7-8579-01,-0.2121,-0.2006,-0.1179,-0.1359,-0.2001,0.0678,-0.2524,-1.2189,-0.2617,-0.9063,-1.0563,-0.2815,-0.2622,-0.9347,-0.685,-0.143,-0.3415,0.0718,-0.2144,-0.2107,0.9542,-0.0961,-0.2156,-0.6055,-0.2218,1.062,-0.2613,-1.3807,-0.1338,-0.0991,0.8236,0.7885,-0.655,0.5282,0.0715,-0.3061,-0.6498,0.858,-0.0976,0.1323,2.5346,0.5625,0.7321,-0.9201,0.0841,-2.958061653160402,-4.298803300554202,0.33335728165128486,-10.793035146740934,-5.944359255796243,5.029491525924166,3.155601749810187,-1.291858693108999,3.566693697510917,-1.2787538538062964,1.9137251168893838,-1.5717235474871043,-1.5445073199433914,3.849570389253286,2.2741871423802196,2.0464091002315756,3.1661150091250607,2.1275841566087665,3.05941268272486,7.067788136476626,10.083555220300115,2.6608582206499776,7.303201857364828,1.8930092504229723,0.6827449543706902,0.9375032922475106,8.07231715584557,4.565689989507987,0.7212182728260048,4.4962170649549575,1,1,1,1,1,1,1,1,1,1,0,0,0,0,0,0,0,0,0,0,0.13627710643933125,GS
TCGA-D7-A4YT-01,-0.1011,-0.1956,-0.1839,-0.141,-0.1978,3.8864,0.1558,0.0507,2.1598,2.1178,-0.4797,-0.2815,4.1477,0.8334,0.8545,-0.0237,-0.3298,4.7623,7.4436,3.8588,2.6591,-0.1815,-0.2101,2.4501,5.0146,3.3596,-0.2619,0.6322,-0.1888,-0.0947,-0.4183,-0.1834,0.5088,0.6482,3.481,-0.3663,1.0157,8.4675,-0.1598,-0.3132,-0.3518,-0.4865,-0.6097,1.4265,-0.4105,0.06526331154943381,0.2318185509942283,-0.3780636011224918,0.842243357119613,0.22545263403991023,-1.5838678356622018,-1.5407238958151368,1.1195184109236125,-1.4400427647257776,0.4582765109156997,-0.3118204825893284,-0.16953063495976473,0.2117011932753372,-1.9747088452406898,-1.6580669941805528,-0.9272504485970092,-0.5504706021908967,-0.9985385165173096,-0.5740401316481518,-3.3266923695200505,-1.9843359763364965,-0.46615979559559506,-1.345985409850062,-0.16066765648327402,-0.6480202030349906,-0.5323484601004423,-1.3437668574745425,-0.3158622365898667,-0.4783981659989289,-0.7907875357760631,1,1,1,1,1,1,1,1,1,1,0,-1,-1,-1,-1,-1,-1,-1,-1,-1,0.4165701042873696,CIN
TCGA-D7-A4YU-01,-0.2144,-0.2091,0.0449,-0.141,-0.1976,-0.0164,-0.2787,2.2036,-0.2888,1.0911,3.3255,-0.2815,-0.2519,2.1268,0.3786,-0.0722,-0.3415,1.4542,-0.1574,-0.2058,4.701,-0.0073,-0.2156,3.6939,2.9102,1.2866,-0.2293,-1.1651,-0.0609,-0.1218,-0.2687,0.1145,2.0627,3.009,0.9208,1.0333,-0.5026,0.7876,-0.0018,0.0414,0.2283,0.129,-0.589,2.3037,-0.4058,2.5947434791410817,4.011084267951962,-0.49775810519310804,10.219338192362557,4.187616406946722,2.151809756577744,2.5178399921541366,3.042277765641169,-3.514670195426996,2.154711688271843,1.2700898985255131,-0.7195443925729863,1.737015273012488,2.440815152152342,5.254497941239044,-1.3818595087393748,-0.08457407157960943,0.030968413903856,-0.1624677949690997,6.019394534199147,3.100111770712084,0.5468591188244721,3.851144625687041,-0.8853078609704632,1.6261068178590885,2.169272337676372,2.7972918902350488,-0.047766143168376116,2.339799840150935,0.8347100230652644,1,1,1,1,1,1,1,1,1,1,-1,-1,-1,-1,-1,-1,-1,-1,-1,-1,0.636608177454064,CIN
TCGA-D7-A4Z0-01,-0.2218,-0.2078,0.0105,-0.1412,-0.196,-0.792,-0.2171,-1.0642,-0.2504,-0.8865,-0.7632,-0.2815,-0.2578,-0.9639,-0.9244,-0.2402,-0.2089,-0.891,-0.2275,-0.2018,0.2688,0.1462,-0.2156,-1.022,-0.3783,-1.1057,-0.2624,0.712,-0.0041,-0.054,0.0101,-0.0381,-0.8746,-0.5466,-0.9254,-0.4602,-0.6246,-0.3619,0.0862,-0.0614,0.3736,0.322,-0.2015,-0.946,-0.4084,-2.3444354621990144,-3.6214451383208472,0.10570752653986162,-8.21124895658851,-4.088801534570963,4.950269916645077,3.144856829560779,-0.7467324057635751,4.592465414771855,-1.7313350708696118,0.8505820014357808,1.366734042896347,-0.2964082708663358,2.292757875486858,2.3198994359804517,3.962284055922579,6.535215797467459,2.8593592570299293,1.2362752983650223,6.70352022977151,9.496752133986096,3.4769068238785543,6.4063114599291655,0.626018608951751,1.517554842940942,1.0033427651275297,5.450377841755532,6.1871843266702395,1.189851540397666,5.310227601735674,0,0,0,0,0,0,0,0,0,0,0,0,0,0,0,0,0,0,0,0,0.1169508359543122,GS
TCGA-EQ-8122-01,1.5062,-0.2093,-0.1877,-0.0844,-0.1688,2.9752,0.1553,1.2408,-0.2347,1.054,7.798,-0.2592,0.3425,2.3119,1.0482,-0.1458,-0.2943,0.905,0.3032,-0.1775,5.2069,-0.1754,-0.0632,2.7008,2.8056,68.9774,-0.1929,0.9319,-0.1872,2.3322,0.1755,-0.1512,0.3243,6.038,61.5702,-0.0736,0.1416,3.5911,-0.1979,-0.1872,-0.2387,-0.3637,-0.3358,1.3639,-0.5419,7.694614812091251,7.338270381653511,-0.4148407116714261,2.6060806401696253,2.0059592834889206,0.05779587078867813,-0.5611611497968468,2.361375631625734,-1.4272785093418396,1.2932442708332277,-0.18276135523255652,0.14323628759118368,0.1938218125131543,-0.5672971060145443,-0.9012689129702539,-0.2570079391612029,0.013202121288459611,-0.4982967962630566,-0.26561749920932143,-1.8548692727842286,0.34083559892185,-0.19283331312786423,-0.8074132188783583,-0.23703552724115387,-0.7989107155678323,-0.4008878688273168,0.07155653337732207,0.9370312381122566,-0.3811756565110675,0.6599150921072925,1,1,1,1,1,1,1,1,1,1,-1,-1,-1,-1,-1,-1,-1,-1,-1,-1,0.8088064889918888,CIN
TCGA-EQ-A4SO-01,-0.1525,-0.1985,-0.1879,-0.1386,-0.1942,-0.2744,0.1728,0.186,-0.2005,0.4411,-0.3741,-0.2815,-0.2562,-0.3318,0.3068,-0.146,-0.3415,-0.0078,-0.2085,-0.1915,2.9682,-0.1829,-0.2156,-0.0137,0.4383,1.3569,-0.2624,0.741,-0.1886,-0.0729,-0.3256,-0.3713,0.049,-0.575,-0.3133,-0.3299,-0.6125,0.9037,-0.2227,-0.511,-0.7054,-0.5444,-0.6324,-0.2548,-0.5327,-0.7865073950317643,-1.9818888983361738,-0.9520495439720228,0.5762094587407164,0.5802396544563422,-0.3331820800624151,-2.5176971553162626,2.4660614742864926,1.953469873472495,2.7714555466847552,0.8345727363208052,1.3248320080399762,0.5513660778954473,-1.7881513251193943,-1.509337557778897,0.3302539426607014,0.3913584759900223,-1.7351285374403727,-0.11115585460089829,-2.900485708373942,0.21153638129742566,0.32103823787127866,0.05491754193761091,-1.4223852995196913,-0.7192331574593691,-0.83187751560742,0.30341785190078013,0.2667784863383339,-0.06660288623533785,0.9613815878283135,1,1,1,1,1,1,1,1,1,1,0,-1,-1,-1,-1,-1,-1,-1,-1,-1,0.4949097831484853,CIN
TCGA-F1-6875-01,5.9178,-0.1759,-0.191,-0.1387,-0.1866,4.9595,-0.1409,1.6186,-0.1144,2.0322,4.5193,-0.2815,-0.1343,1.8525,0.1778,-0.2929,-0.3415,1.1475,32.157,91.0456,6.9551,-0.1826,-0.2156,2.6909,6.6871,3.7079,-0.2624,-0.1047,-0.1904,-0.016,-0.3854,-0.4535,1.8948,6.0728,1.2756,-0.2082,3.1345,4.5825,-0.2182,-0.4527,-0.647,-0.5974,-0.5782,6.3153,-0.5709,0.4879974824097102,0.40614563918806346,-0.817889889146604,2.0783211602703067,0.31402681190324566,-0.45326210279296303,-1.6288146192977933,1.4176934916339545,-1.3217543297295502,0.963315376480953,-0.5171635813635935,0.09007084712432818,0.5773360728086376,-0.9911686471355408,-1.8083515501673924,-1.5508273332235754,-0.20172102024633642,-0.457207801956688,-6.179963592592784,-2.9940732660802305,-1.9079706206892177,-2.057935698711639,-0.9825507797943152,0.478973168492301,-0.8006545164594531,1.095232300473329,-1.1758787177885013,-0.49362299506203855,-0.48630723295482664,0.33546239902539227,1,1,1,1,1,1,1,1,1,1,-1,0,0,0,0,0,0,0,0,0,0.6836202615461017,CIN
TCGA-FP-7735-01,0.8376,-0.2097,-0.1039,0.5556,-0.1468,1.6205,0.1241,1.078,7.2381,-0.1245,1.5083,-0.2806,-0.1497,0.254,1.2276,-0.2494,-0.0301,-0.0005,4.5324,0.0755,2.0772,-0.1455,-0.2156,0.1636,-0.0303,10.7452,-0.2624,0.3754,-0.1507,1.2332,0.4515,-0.1952,-0.1734,1.2674,1.0239,-0.3961,2.0024,2.6941,-0.1699,-0.3154,-0.566,-0.2125,-0.4343,2.5313,-0.525,0.07364673911149971,0.19977827645678026,-0.4274353989110541,0.1519792084875917,1.9576600279270577,-0.2679080671249049,-1.175203797568008,-0.5476300406107651,-3.337934756368473,3.9149276831173703,0.3852369665145771,1.9449546141102898,0.28416787623676276,-1.1673345914749225,-2.116231394493367,-1.0864656464875,-0.5669146410591127,-1.574140403957053,0.18787028313748078,-2.702594409797435,-2.8003082082331394,-1.450854160469835,-1.482260092210587,-2.5096126520392885,-0.8561679281861864,-1.3696909946237135,-2.3184855664242496,-0.2693509769090258,-0.8062412864776352,1.082233547897919,1,1,1,1,1,1,1,1,1,1,-2,0,0,0,0,0,0,0,0,0,0.4254676378083099,CIN
TCGA-FP-7829-01,-0.2014,-0.207,-0.1808,-0.1394,-0.1854,3.7013,0.6697,1.9838,-0.293,2.6508,1.2633,-0.2814,-0.2149,1.3091,-0.0325,-0.3048,1.7478,0.9334,-0.2412,-0.1918,8.1064,-0.176,-0.1697,3.1472,3.539,-0.8259,-0.2624,0.738,-0.1833,-0.1163,-0.4606,-0.3602,0.4777,3.0479,1.3446,-0.3313,-0.6672,3.4094,-0.2271,-0.3362,-0.6576,-0.5356,-0.5111,1.3184,-0.3908,2.207493053162544,2.049966619232085,-0.6949771662401788,10.379008188301967,3.6499104822758888,-2.2494994973943445,-2.5212132536848633,2.8717750867504215,-1.0771747225670976,2.617769350725585,-0.5801121253814515,3.154254240635753,0.42665813061680674,-1.5640180703403255,-3.1018875815667286,0.3551590147779443,-1.182807383145152,-2.407802984448967,-0.6188367976468747,-4.819795171525476,-3.2519522531185583,-2.2136837462372885,-2.749263874424538,-0.7032264173537952,-2.4992562202214645,-1.8796989264703436,-2.0664385873739053,-1.0940678184849189,-0.670632898257071,-0.9787641894683816,2,2,2,2,2,2,2,2,2,2,-1,-1,-1,-1,-1,-1,-1,-1,-1,-1,0.5181261380566131,CIN
TCGA-FP-8099-01,-0.0118,-0.2035,-0.1773,-0.1019,-0.1949,2.4682,-0.256,0.6224,-0.2748,0.8828,2.2662,1.3281,-0.1808,1.4265,0.5062,-0.2816,-0.3371,-0.0561,-0.212,-0.2074,5.9545,-0.1708,-0.2116,0.6878,3.6261,1.6575,1.8689,-0.6485,-0.1729,-0.1223,-0.4526,-0.3869,0.6866,2.8111,0.6732,0.7313,1.359,2.9096,-0.1652,-0.3696,-0.4212,-0.4938,-0.5817,2.481,-0.289,0.285345972611996,0.997320739238591,-0.8109938700466337,1.3687502585632716,-0.10684479135422793,-0.9911364777659618,-1.4857441683963792,0.4878300045995897,1.5773080052004929,0.1854186581933076,-0.9583249457780499,0.8917739260851848,0.3280356808367341,-0.5266197660255646,-0.35918609623062164,-1.2132675575645895,0.8088985641853594,-0.986656830141402,15.59004146417359,-3.523646234547345,-1.5198274485522314,0.6094070072361363,-0.3407776470292704,-0.46975392023576984,1.5688031910807498,-0.4025375832080911,-0.9147168945080881,0.5512685017037965,-0.8481523830918227,-1.2565465230818114,1,1,1,1,1,1,1,1,1,1,-1,-1,-1,-1,-1,-1,-1,-1,-1,-1,0.7371709981791095,CIN
TCGA-FP-8209-01,-0.2193,-0.1824,0.2486,-0.1393,-0.1942,-1.6279,-0.2414,-1.4122,-0.293,-1.4451,-1.4771,-0.2793,-0.2542,-1.3278,-1.1822,0.0024,-0.3415,-1.1814,-0.2062,-0.212,-1.048,0.6404,-0.2156,-0.9364,-0.0756,-1.3466,-0.2624,-1.8562,0.1784,-0.1259,2.6654,0.5773,-1.1154,-0.4722,-1.4733,-0.3143,-0.6589,-0.3652,1.4218,0.8124,5.5098,3.4131,0.7577,-1.1007,0.4642,-3.0102222257943834,-3.6962217705163747,1.0452464776741774,-9.515537701110524,-4.615629377989196,7.392093824653365,6.496295859394203,-3.6781907025552427,4.20540578620405,-3.081990882130544,3.5323048608503984,-2.239720434865232,-2.3305320858391676,6.970583203221628,6.677332777146058,1.9900239491913607,4.612093835631391,4.001302964317407,2.2705052104447594,11.854308448130231,14.035684663372239,6.309284581095146,10.599371312750792,1.2428889324938242,4.586043373487093,4.3981039692928645,11.432341476883051,3.89838232601385,4.053670198672276,5.32503203350741,0,0,0,0,0,0,0,0,0,0,0,0,0,0,0,0,0,0,0,0,0.0,GS
TCGA-FP-8210-01,-0.2007,-0.1219,0.3761,-0.14,-0.2001,-0.6719,-0.2804,-1.1516,-0.2675,-1.2028,-1.0973,-0.2759,-0.258,-1.0262,-0.8025,0.0155,-0.3415,-1.0271,-0.1928,-0.2043,-0.0789,0.7518,-0.2156,-0.4755,-0.0237,-0.8671,-0.2597,-1.3092,0.8451,-0.1267,0.8737,1.07,-0.9036,-0.8672,-1.2376,-0.3147,-0.5604,-0.1004,1.2504,0.6452,2.1722,2.4038,1.3352,-1.1287,1.5153,-3.1950873085585223,-4.084389917057931,1.1935962533283833,-9.768111273505374,-4.994825249296657,6.879209544204699,6.151099245150703,-2.3368781656670454,3.4809278954231533,-2.8878375701130756,3.0259349307641514,-2.9103966059243804,-1.9780431073627114,5.559477602640921,5.94540657484877,0.9096441487834562,4.139186661396317,4.135619822789153,2.1695924338952106,11.42754676983487,11.421949406712425,2.852502325490607,8.961909931216605,1.4601096084483316,6.018395206847542,4.206552261345868,6.473444184466126,4.335813352001277,3.9039801350705075,5.180688412984641,0,0,0,0,0,0,0,0,0,0,0,0,0,0,0,0,0,0,0,0,0.0002069193842079126,GS
TCGA-FP-8211-01,-0.1695,-0.1948,-0.1656,-0.1412,-0.1936,2.0312,-0.1904,0.6747,-0.2343,0.7984,2.1993,-0.2815,-0.2572,0.3818,0.7727,-0.1911,-0.3415,-0.1631,-0.2103,-0.1974,2.9298,-0.1679,-0.2156,0.3362,0.5448,0.6799,-0.2624,1.62,-0.1378,-0.111,-0.3838,-0.3822,0.6331,1.4571,0.9899,-0.3824,3.1103,1.0758,-0.1655,-0.2692,-0.6954,-0.3325,-0.5078,1.7957,-0.5302,0.4807653297907401,0.8602370678000515,-0.8832581260367655,1.2852001223792857,1.1658602117893193,-1.5474568096261931,-0.9726103035065728,0.40589503119547166,0.4547290868849282,3.3710844502397914,-0.40516258817738376,-0.053259729132991165,0.6913590937501645,-1.2427826416408054,-2.121766803422626,-0.5813800362225244,-1.407935298994985,-1.2776938986373416,-0.3028033895836911,-5.162782052995518,-4.06063726104017,-1.8533371936180123,-1.7433759169697802,0.011109848395485471,-1.3776006326443762,-1.765741898307296,-1.8485781544254882,-1.7086405580165636,-0.3036330320747683,-1.4339174673240886,0,0,0,0,1,0,0,0,0,0,-1,0,0,0,0,0,0,0,0,0,0.4522430061248138,CIN
TCGA-FP-8631-01,-0.218,-0.2068,-0.1836,-0.1296,-0.192,1.8726,0.6024,2.2691,-0.2457,0.9124,1.1191,3.6138,-0.1552,0.4605,38.6516,-0.1119,0.5829,-0.104,-0.182,-0.2005,6.5833,-0.1263,5.1228,-0.0349,1.7689,23.9841,0.0922,2.6519,-0.1877,0.4447,-0.4699,-0.1661,0.6187,1.4659,-0.2243,-0.0084,-0.4516,1.5184,-0.2025,-0.3199,-0.5922,-0.4953,-0.5227,1.4635,-0.5365,0.29750534516309196,0.19432744223157655,-0.4444318534478546,-3.0793093542281,2.4026520171955696,-2.8903324077402854,-2.3306309162258807,0.4111490895399958,-3.6694744969057864,-1.5617600864639085,-1.642294765195791,0.034928538248746435,0.04494833356208201,-2.0844688754188305,-2.653489960342429,-0.9465826197729728,-1.5290139155953169,-1.4046664009079948,0.3050912243377036,-7.29137023320665,-5.8702563306025395,-2.2549408559752684,-5.477195107907558,-1.21550168651159,-3.092648092976361,-2.658928378345114,-2.8550021533550987,-2.510855246261527,-1.3130987219427235,-2.0142501651108025,2,1,1,1,1,1,1,2,2,1,-1,0,0,0,0,0,0,0,0,0,0.6387187551729846,CIN
TCGA-HF-7133-01,0.8547,-0.2113,-0.1478,-0.1392,-0.1531,5.6653,0.9891,0.5057,-0.2013,16.6022,2.2464,-0.2804,0.1557,0.6303,7.1616,-0.2868,-0.3415,2.0657,-0.0963,-0.1996,0.6786,-0.1647,-0.2156,0.0681,4.2127,-0.1132,-0.2616,-0.1711,-0.1791,-0.1191,-0.3975,-0.371,0.8876,0.5516,1.8556,-0.4167,0.8658,3.9269,-0.21,-0.2056,-0.4903,-0.416,-0.5525,3.1872,-0.4571,2.71678767890177,0.8914121674869824,-0.2251368308226303,3.690304121599314,1.3947832063773036,0.631569088773651,-0.8580816850259949,0.58509492870886,0.06781782353567431,0.9091364567295683,-0.08839105539782319,0.7193250214971926,0.4074640151320281,-0.060320396809320984,-0.5127102346615524,0.13852171455754264,0.04206083792421433,0.029513980238432398,-0.7035657908085501,-0.4198151801806729,-0.41868307638463576,-0.0645707626540193,0.2041761862610107,-0.21679655040721627,0.25485503837899043,-0.7064387568869827,-0.9974835562106288,-0.49214045787534766,0.07624108157436313,-0.33626905378838945,2,1,2,2,0,2,2,-1,0,2,-1,-1,-1,-1,-1,-1,-1,-1,-1,-1,0.5611239860950173,CIN
TCGA-HF-7136-01,-0.2029,-0.2107,-0.188,2.2523,1.4106,2.8789,2.4125,0.5943,0.9271,1.1457,-0.44,3.9454,9.4231,2.738,1.1218,-0.2835,2.8305,0.208,0.6025,0.1676,2.3755,-0.1846,3.4051,0.9593,4.3212,1.8606,-0.1202,-1.2261,-0.1902,0.1582,-0.3881,-0.4821,1.5692,2.0262,-0.4325,3.4437,0.9254,5.4965,-0.2183,-0.3653,-0.5605,-0.5095,-0.4483,1.0614,-0.522,1.8955566023010313,0.40606028289880536,-0.38819817180229554,2.908788988118298,1.69445405721483,0.008535079812894416,-0.35180936934815116,1.1433848376982247,0.4784668364996432,0.9213155159928224,-0.06932200574063407,1.680680991795192,0.5672914411982001,-0.4692621293160196,-0.7148452415721119,-0.6286425499316045,0.3553089689840277,0.3019648682911544,1.2493450820622687,-1.7814832294431127,1.2305874415284668,0.024300677829561402,0.30227295154419154,0.30462319436043944,0.039749172839343816,0.031341733463226856,1.1370356518321687,1.728870872802441,2.028077685212928,0.511083819101673,1,1,1,1,1,1,1,1,1,1,-1,-1,-1,-1,-1,-1,-1,-1,-1,-1,0.6126882966396292,CIN
TCGA-HU-8604-01,-0.2218,-0.2057,-0.1197,-0.1406,-0.2001,4.1713,-0.265,3.0652,-0.2509,1.7689,2.0438,-0.2789,-0.2603,2.1006,0.4178,-0.2078,-0.3415,0.755,-0.2176,-0.1988,2.8057,-0.1186,-0.2156,1.1905,2.4737,0.7296,-0.2624,0.6494,-0.1849,-0.1201,-0.4049,-0.3398,-0.3375,0.5868,1.0248,0.4944,-0.5164,1.2664,-0.1693,0.0474,-0.5911,-0.3985,-0.5735,2.064,-0.4728,2.361104912280276,4.131741172772796,0.39743412383264787,5.959014556635273,2.522300492963692,-0.9267287835235606,-1.167540436111063,1.0384912928886767,-3.0156064184981575,-0.9449902170056094,-0.9269131323929652,0.5980456933980904,0.3475229409271982,0.1856237761726611,0.41047853561227093,-2.1506438696023302,-0.6893081133069113,-1.4986214772106388,-1.524470703259698,-0.5901713677157922,-3.1452713305963558,-1.8632324656387513,-0.7732333076128372,-1.0197950460401617,1.4798772573544459,1.9058684186884254,-1.7736689722035337,-1.2589473277632963,-0.695227711013367,-0.7260632936492837,1,1,1,1,1,1,1,1,1,1,-1,-1,-1,-1,-1,-1,-1,-1,-1,-1,0.548874358549909,CIN
TCGA-HU-8610-01,-0.0829,-0.1986,-0.1518,-0.1402,-0.1934,0.5895,-0.2001,-0.6595,0.311,-0.1125,0.6365,-0.2803,-0.2604,-0.1619,-0.5518,-0.1803,-0.3415,-0.4613,7.6096,0.5484,1.8588,-0.14,-0.2156,-0.2534,1.3596,-0.5412,-0.2619,-0.8861,-0.1874,-0.1258,0.1333,-0.1832,-0.6657,2.5604,-0.8302,-0.4796,1.2634,3.3454,-0.2116,-0.2333,0.0322,0.0459,-0.5434,-0.0221,-0.4994,-1.2403504185437424,-1.1781925546793066,-0.41786573376473424,-3.0475423389775966,-1.509661913712049,1.8287442270933134,1.4186122804605374,1.1379109428784855,2.2956371952379064,1.2308639940859158,0.8389750037982935,-0.7123300754519994,1.4708381646434199,2.1214194470453593,0.46908482795534556,-0.4392920854372256,2.9832571662854614,0.2981630071089044,-0.9119478224764132,8.180696555652048,5.098252525216773,0.18752980001659775,5.112103446222118,1.0134236369137362,1.6653546556346055,2.1461242569818144,0.8946932576855895,1.9189311533892632,0.08549169295545064,7.824899089568265,1,1,1,1,1,1,1,1,1,1,-1,-1,-1,-1,-1,-1,-1,-1,-1,-1,0.38267670915411356,CIN
TCGA-HU-A4G3-01,-0.1805,-0.1793,-0.1815,-0.1409,-0.2001,-0.2539,-0.0651,-0.4729,-0.1858,0.5236,0.2892,-0.2815,-0.262,-0.5798,0.3465,-0.2106,-0.3415,-0.3836,-0.2457,-0.1393,0.5042,-0.1648,-0.2156,-0.958,-0.238,0.1953,-0.2624,1.7266,-0.1524,-0.1204,-0.5028,-0.3417,-0.3328,-1.0657,-0.66,-0.3226,0.6376,1.0043,-0.202,-0.3458,-0.4843,-0.4502,-0.5206,-0.1917,-0.3127,-1.399625322455829,-2.4297228015951027,-0.1183460570961765,-4.62361389189295,-1.5627301935537217,-1.4739053146977998,-1.8694053076726664,2.11020457370397,-1.28526077615228,-0.9593669852066845,-1.612194025839375,-0.49772825174254587,0.5395007630867559,-1.0668861911488108,-1.8119395429645828,0.3644228445334316,0.3331093286172613,0.06128961900935563,0.3797171984153901,-6.146716168193147,-1.5736394935108422,-1.7242832924172093,-0.9858631258026918,-0.3334765303651764,-1.5974125073452812,-3.1296634789197366,-3.3374784862004447,-0.8919868779977549,-1.6575955961056623,-0.5503080756674917,0,0,0,0,0,0,0,0,0,0,-2,0,0,0,0,0,0,0,0,0,0.013284224466147989,GS
TCGA-HU-A4GC-01,-0.2218,-0.1164,-0.1868,-0.1412,-0.1985,-1.1092,-0.235,-1.5901,-0.2219,-1.5556,-1.7378,-0.2767,-0.2598,-1.5832,-1.0051,-0.0278,-0.3415,-1.35,-0.2215,-0.2136,-0.8119,-0.1823,-0.2156,-0.9118,-0.3105,-1.5364,-0.2624,-1.5282,-0.187,-0.1267,2.4159,0.4561,-1.3709,-1.056,-1.6027,-0.5084,-0.6007,-0.3134,-0.2395,0.8032,-0.2626,1.0748,1.6007,-1.4786,2.5208,-2.73474071464164,-3.330816245422657,1.708260241275666,-7.494678873936222,-3.313464891552791,1.2455553605467637,0.7832239630782676,-1.5567400181342201,0.12040195690728968,-0.7909220660632333,1.172115668455654,-1.5050105097234197,-1.3406012753280394,0.2604152996553305,-0.4298034527757864,0.4499014568895106,2.8679823819577837,3.8264030515390846,0.62374239904768,-1.89741282226086,1.9894654183118834,3.9248319651020878,-1.0899765024939296,-0.9762658422256033,-0.8899489370481259,-0.37980820084966627,3.9832002106325435,0.2835535842365186,0.02172706972039772,-1.7705825495123866,1,1,1,1,1,1,1,1,1,1,0,1,1,1,1,1,1,1,1,1,0.3427412680019864,CIN
TCGA-HU-A4GF-01,-0.0558,-0.2013,-0.1807,-0.1371,-0.0272,2.866,-0.1105,3.36,1.2267,2.1189,4.711,-0.2776,1.0718,2.6397,18.0956,-0.1327,-0.1909,12.0719,0.0828,0.707,6.5393,-0.1687,-0.2156,4.3573,4.2285,20.1901,-0.0807,-0.1835,-0.1864,-0.1081,-0.2003,-0.2845,2.2427,6.1285,16.6953,0.4152,-0.5121,3.0617,-0.2108,-0.3364,-0.4565,-0.4256,-0.5899,2.2853,-0.5791,3.852425702315261,3.997006356585642,-0.7049836079108873,6.473019568689111,5.083286427358889,-1.7182237620904182,-1.3527953167731546,3.7880701926634592,-3.741231160934479,1.7900760370322082,0.2041570800523025,0.14304074068648293,1.143605966217299,-2.1126982297984496,-1.9153248520511847,-1.6157529936960235,-1.4904799594344365,-1.4430796241669115,-0.1303367001181402,-3.2828085496186112,-2.7369793393366018,-0.799297806033363,-2.877452876366208,-0.7918266297549474,-1.5411580079344982,-1.0471531246651848,-1.7366382259201045,-1.6364554643690437,-0.7773455689363649,-0.05531197310888204,1,1,1,1,1,1,1,2,1,1,-1,0,0,0,0,0,0,0,0,0,0.5321552723059096,CIN
TCGA-HU-A4GH-01,1.4039,-0.1683,-0.1759,-0.1404,-0.1984,1.0829,5.4745,3.3854,-0.2725,2.7931,1.1624,3.4741,-0.2557,1.3727,107.8094,0.1337,4.3218,5.7774,-0.1605,-0.1938,4.3735,-0.1717,11.6819,0.407,2.8722,47.4114,5.2352,4.1057,-0.1784,-0.115,-0.3648,-0.3788,1.1251,1.7686,0.1291,-0.3938,1.166,2.7338,-0.2027,-0.4322,-0.7872,-0.4959,-0.6067,1.3085,-0.5452,0.33924596544692665,-0.31771566901796205,-0.5174025988923048,0.6843315726207826,12.205372830815325,-1.378186892730171,-0.4901312407241934,0.5287830303593205,-1.7925443787431432,0.9365310005472687,-0.8267360097045928,0.30147831421277715,0.3276278144641686,-1.4496306993896642,-1.5571645993388483,-0.19220724584409501,-0.13672871656445088,-0.9097702258977701,-0.5906447878554015,-2.3945008420762055,-0.575027942683775,-0.8740144515724335,-1.1549902766412166,-0.52472842164563,-1.4821716227616737,-1.1219836277427844,-1.7146222806102964,0.3457481744167058,-0.9477078215071255,-0.14646114992755024,1,1,1,1,1,1,1,1,1,1,-1,0,0,0,0,0,0,0,0,0,0.6929730177122992,CIN
TCGA-HU-A4GP-01,-0.2218,0.5389,-0.1802,-0.1411,-0.1983,-1.1853,-0.2625,-1.6056,-0.2638,-1.5363,-1.868,-0.2815,-0.2611,-1.5797,-1.1356,-0.1129,-0.3415,-1.3509,-0.2243,-0.2131,-0.9077,-0.1774,-0.2156,-0.7664,-0.1392,-1.5351,-0.2624,-1.8516,-0.1915,-0.1267,3.7607,0.5853,-1.405,-1.0212,-1.6022,-0.5025,-0.6176,-0.377,-0.239,0.9228,2.2698,1.9067,1.9692,-1.5147,2.0601,-2.5984941974751865,-2.983782819287735,1.0431632308359977,-7.247201479190528,-3.0951583003367884,1.9011260750435208,1.1231634842036817,-2.190300245181524,0.6980070874827223,-0.9571518728187214,1.5895756109358496,-1.1526436513437,-1.3767712126069562,1.0238235258422175,-0.11948418161912179,1.375972164526778,2.6100021405802836,1.95696866086698,0.9625026306120719,-1.0280457493469817,4.765029140932173,3.5020254005086167,0.4564690451663597,-0.45104889942717047,-0.9192051967694828,-0.1516416767003328,4.679066761488249,0.40403353941012127,0.30014317714966116,-0.8081892367151935,1,1,1,1,1,1,1,1,1,1,-1,-1,-1,-1,-1,-1,-1,-1,-1,-1,0.8002814103625228,CIN
TCGA-HU-A4GY-01,-0.194,-0.0863,0.4904,-0.1412,-0.1963,-0.159,-0.2309,-0.5342,-0.2873,-0.5104,1.0587,-0.269,-0.2447,-0.4346,-0.4851,0.3396,-0.3215,-0.3826,-0.2064,-0.2055,1.7272,0.8932,-0.2156,0.1687,0.5168,-1.1466,-0.2624,-0.1081,0.4554,-0.1267,0.4086,2.0119,-0.5256,1.0899,-0.6927,-0.5197,-0.5863,0.0753,0.7904,1.1425,0.0533,4.6296,1.84,-0.4373,2.1293,-1.6773077290778937,-1.8086192050379688,1.0491140538827153,-3.529172778700119,-2.201793568927055,3.786773667483785,3.9099173915676086,-0.33936164637776206,-0.2069826304149696,-2.512948607440123,1.0150447570251133,-1.9524561783552725,-1.0754751654354924,3.2604763426707097,4.296556156838876,0.0951831391573255,3.793402152590147,0.7459297311487891,0.5621516812179996,9.861511695430131,5.0157446616672505,1.3857914643788776,6.398897927780539,-0.10563392011395213,5.723060559003523,3.648182326524765,2.8471674831912157,3.8635417183581318,2.883044988747097,1.8438565593427172,1,1,1,1,1,1,1,1,1,1,-1,-1,-1,-1,-1,-1,-1,-1,-1,-1,0.1990978314848535,GS
TCGA-HU-A4H2-01,1.6464,-0.1995,-0.1604,-0.1408,-0.1996,2.1432,-0.1612,3.5388,-0.293,8.7937,4.6787,-0.2815,-0.261,2.7304,6.9643,-0.0665,-0.052,2.702,-0.1369,-0.2049,7.0038,-0.1613,1.9599,1.3311,4.3442,-0.4871,-0.2621,1.3992,-0.1513,-0.1267,-0.5859,-0.3684,0.6037,2.817,1.2372,-0.4002,0.0085,2.2426,-0.1747,-0.1504,-0.6819,-0.379,-0.5248,2.3394,-0.4489,4.7320218657319515,2.3159595396804793,-0.7946917247973947,6.002584462054754,2.5757357297091543,-2.3643619573141192,-2.5518043957525856,2.6976349878278514,-4.449797305347747,3.5315687700784135,-1.498373091660412,-0.7676870563603032,0.4668529592233103,-2.091757945945385,-1.4905071660770897,-1.1362289476496776,-1.4778588422390573,-2.001902413645233,-1.1990761391304101,-5.512768819735465,-5.296234110834161,-2.54512070381273,-4.454490294070034,-1.6462290697455415,-1.6854357511146234,-2.332621692518983,-2.3370448622677715,-1.4960902933967237,-1.6550094550534187,-3.10058810589117,1,1,1,1,1,1,1,1,1,1,-1,-1,-1,-1,-1,-1,-1,-1,-1,-1,0.6978976990564476,CIN
TCGA-HU-A4H5-01,-0.1931,-0.1993,-0.1549,-0.141,-0.1978,7.4786,-0.1417,5.011,3.0856,3.333,2.459,0.3256,-0.2556,0.6375,0.0141,-0.2137,0.0588,1.5516,4.5196,22.1063,6.9774,-0.1702,-0.2156,5.5849,7.0941,1.4725,-0.2287,0.4923,-0.1833,-0.0523,-0.4453,-0.2152,0.2239,4.3986,-0.4787,-0.3086,1.7404,6.9614,-0.2166,0.0851,-0.5964,-0.4612,-0.6263,0.5254,-0.5191,-0.03830611677428301,0.3932947122184676,-0.4095448896746936,1.1956588173858143,-0.017892436853902145,-2.222219628307652,-0.9844308396715964,2.5216015798965303,-2.8294012079282105,1.1646744136254539,-0.7502532684155528,-0.8177313770824451,0.4747784177098586,-1.2439127939559282,-1.8006737611525496,-0.8723703385936683,-0.16595544991842306,-1.040232898337674,-1.204482328291099,-3.1766429910705885,-3.162409625411308,0.30596913440504114,-2.8317929643041313,-0.8920441427367546,-0.7237060889165521,1.0096520375820057,-0.9562012095881868,-0.43530360153959136,-0.46819229333039764,-0.8359299930725514,2,2,2,2,2,2,2,2,2,2,-1,-1,-1,-1,-1,-1,-1,-1,-1,-1,0.7757407713954644,CIN
TCGA-HU-A4H6-01,-0.1627,-0.2068,0.0708,-0.1227,-0.191,2.2079,-0.1482,2.8499,-0.2526,1.6245,2.2828,-0.2771,-0.2617,0.8269,0.4304,-0.1235,-0.3225,0.7063,-0.2125,-0.0629,6.8351,0.0428,-0.2156,1.3373,2.7986,-0.167,-0.2624,2.1593,0.2142,-0.1154,-0.3614,0.2993,0.2836,1.1833,0.4048,0.0708,1.8592,1.929,0.2047,-0.1289,-0.5094,-0.0809,-0.4635,1.5337,-0.4625,-0.00018952970772565794,0.16162916575278177,-0.5548825844979476,1.0104636427149927,2.5855690896631374,-1.3878036194024683,-0.5348576290828005,4.713858219952994,-3.918228686932366,1.0895857774504196,-1.1565538264414852,0.00622738522392807,0.42831729145294367,-1.396015214974042,-1.1116860974034417,-0.984425696907631,-0.004119459280352683,-1.2753442012562102,-0.561185182205222,-4.3944045153786675,-4.223417732532497,-2.482425214943893,-4.414106704033766,-0.8766748335288184,-1.4861530390162203,-1.3899736588530616,-2.134893728156474,-1.0776246744177957,-0.18725286063730118,-0.3348541677879357,1,1,1,1,1,1,1,1,1,1,-1,-1,-1,-1,-1,-1,-1,-1,-1,-1,0.473431551067704,CIN
TCGA-HU-A4HD-01,8.0017,-0.2055,-0.1793,0.0098,-0.1788,5.1154,1.4065,3.7707,-0.0257,1.7321,1.5054,4.2173,2.5178,2.0752,10.4062,-0.1119,6.1449,1.298,0.7527,-0.2098,11.0029,-0.1751,11.7935,3.5592,4.506,61.8625,4.6448,0.9083,-0.1886,-0.1159,-0.3504,-0.2364,0.9543,4.5942,1.3012,6.2532,3.0218,2.935,-0.2416,-0.2887,-0.5412,-0.4993,-0.2668,0.8111,-0.2886,0.08644438063818628,-0.1585577339004879,-0.24874877195326683,1.0623731646189423,1.174479804930993,-1.0372494750538572,-1.1460138062486473,2.298148070148639,3.8279600865104775,0.5902528284642179,-0.3978625997293668,-0.7239388161134728,0.31874077086634506,-1.4413862692920663,-1.501679122948086,-0.19994536633561874,-0.16508326552436883,-0.5525856244498424,-0.3106203549551541,-3.074916488690453,-1.6555737543349898,-0.18564993046980816,-2.149557907195527,-0.3484341242830226,-0.8741542050585949,-0.7662654703338148,-1.2729527710365427,-0.8833855317009719,0.1166962877366394,-0.13176880643761518,1,1,1,1,1,1,1,1,1,1,-1,-1,-1,-1,-1,-1,-1,-1,-1,-1,0.9513739447111406,CIN
TCGA-IN-7806-01,0.2544,-0.1779,-0.1499,-0.1378,-0.1986,2.7317,-0.2451,0.1759,-0.2628,0.0328,1.5662,-0.2815,-0.235,0.2208,-0.3365,-0.1897,-0.3225,0.0768,-0.2419,-0.0373,6.343,-0.1574,-0.175,1.0124,9.4957,2.391,-0.262,-0.9731,-0.1545,-0.1028,-0.287,-0.2512,-0.7401,6.7376,-0.3188,0.0542,-0.7252,2.2056,-0.181,-0.4402,-0.4028,-0.1006,-0.4041,0.3053,-0.5158,-0.8383142071295829,-0.9471593070465042,0.03400908352538809,-0.39954013854832604,-0.886278276003727,-1.0764948587534466,-1.3314247793770215,4.035985703390003,-1.0352998264183624,2.2268611129546394,-0.6777920597384269,-2.4584072728507946,0.9287091682045789,-1.8568323412018033,-2.5997816826706117,-0.8053225168259827,-0.6660909332134455,-0.6789370507320891,0.6511618312154546,-5.073374689682735,-1.2691579653411778,-0.47438006063423244,-1.472278144238883,-1.0609330423102006,-1.252994668517214,-2.6395798447824497,-1.3838389499622696,-0.3718885722105515,-0.33651894882422806,-0.12444160556810764,1,1,1,1,1,1,1,1,1,1,-1,0,0,0,0,0,0,0,0,0,0.32792584009269987,CIN
TCGA-IN-7808-01,-0.2168,0.0473,1.0889,-0.1411,-0.1962,0.9557,0.0646,-0.0554,-0.276,-0.7455,1.1654,-0.2815,-0.2334,-0.4002,-0.6485,-0.1552,4.6342,-0.6019,-0.221,-0.2047,2.9082,1.3088,-0.2156,-0.4453,0.9201,-0.8213,-0.2622,0.1099,1.4689,-0.1044,0.1025,0.8406,0.0022,1.1224,-1.1564,-0.5055,-0.12,0.2577,1.8845,1.0638,-0.5123,5.3684,0.8528,-0.0249,-0.1498,-0.5871753637207006,-0.5745358280544588,0.2929094943989906,-1.9066137681314603,-0.8134906529749357,1.2935372468833706,0.8719649594782738,0.5850359418230234,-1.1289826785041952,-1.0449514673271851,0.2826019926101904,-1.0065111279143466,-0.07786192151535073,0.3517671313875191,1.877772633161883,-0.483048292940838,-0.2638499257548981,-0.3681160011518557,0.1885985536135426,1.645993339881346,0.6801387864565266,0.8386475627066774,2.2427652753093064,-0.504847571499046,2.2269507617335225,0.6983030033556223,0.1792102455066696,-0.45886022763690965,0.7726558141113823,0.36760759793819003,1,1,1,1,1,1,1,1,1,1,0,0,0,0,0,0,0,0,0,0,0.5667935772223142,CIN
TCGA-IN-8462-01,0.0432,-0.1856,-0.1698,0.179,-0.1594,-0.8127,0.2737,-0.4554,-0.2358,-1.0886,-1.1341,-0.2762,-0.1656,-0.5418,-0.7156,0.6046,-0.3415,-0.5927,-0.161,-0.2101,0.9167,-0.1623,-0.1881,-0.9454,-0.9975,1.2772,-0.2565,2.7548,-0.1728,0.0985,-0.3887,0.0357,-0.4518,-0.6802,-0.6315,-0.2859,0.4261,-0.7885,-0.2012,-0.2594,-0.3719,-0.3139,-0.0992,-1.0777,0.0534,-1.2833298881463526,-2.2336237130865544,-0.09404020543519465,-7.402844973720256,-2.7456943772207847,-0.8473550554943236,0.050890640456188484,-2.8140772314283273,2.419207714655233,-3.5772364120336486,0.021141959328012695,-0.7049761327005758,-0.24184515913952365,-0.9442758786548311,-1.8635155297776547,0.49901403884709644,1.709181456918943,-0.32033074497518255,1.2786086994218513,-4.107376111871185,-2.494082885393258,0.8374143736911999,-2.170245522926745,0.4405820414571983,-1.5247606542959025,-1.6370415645857597,0.7643803345668264,0.43696342213189626,0.5155502567304071,-0.5626324870468248,0,0,0,0,0,0,0,0,0,0,-1,-1,-1,-1,-1,-1,-1,-1,-1,-1,0.3378165866578381,CIN
TCGA-IN-8663-01,-0.1696,-0.2136,-0.1941,-0.1207,-0.1748,0.7381,-0.2706,1.6373,-0.2757,1.3412,-0.1531,-0.2806,-0.2388,1.3217,0.0567,-0.2407,-0.3415,0.6521,-0.1736,-0.2104,2.0885,-0.1846,-0.2156,1.7946,0.6436,1.0829,-0.2624,-1.328,-0.1928,0.1595,-0.3543,-0.307,4.7737,-0.6372,-0.075,14.151,0.382,4.2138,-0.2436,-0.4148,-0.7448,-0.562,0.2134,0.2696,-0.4677,0.5436306805191359,0.31199681539531393,-0.0014672051935949568,2.4521698549371838,0.7632039019634632,0.5334977813592768,-0.21213763343612146,0.27436658415965526,3.211842548671336,-0.2561890769569739,-0.04750142509196387,0.6663035562685163,0.3259012431150227,0.32172801675726204,0.3525542494984631,0.5220086390853568,0.7867386646269137,-0.23844145343985262,0.6968613756685998,0.38228726230134863,1.8233722470994005,-0.4483712286612003,1.3117772871444107,0.8096056077843038,-0.5237364938345512,0.11844143444496578,0.678787407431051,1.7592393823689547,0.010910134750082958,0.9463162226081261,1,1,1,1,1,1,1,1,1,1,-1,-1,-1,-1,-1,-1,-1,-1,-1,-1,0.6555206091706671,CIN
TCGA-IP-7968-01,1.8376,-0.1993,-0.1725,-0.1366,-0.2001,-0.4183,0.5047,-1.1047,-0.293,-1.3213,-1.7973,-0.2809,-0.2602,-1.1857,-0.8309,-0.1927,-0.3415,-1.0943,0.1402,-0.2055,-1.6083,-0.183,-0.2156,-0.6246,-1.2411,2.5996,-0.2624,-1.2116,-0.1752,12.5823,-0.33,-0.1193,-1.0798,-2.1267,-1.3121,-0.4689,-0.2294,-1.1388,-0.1578,-0.3715,-0.66,-0.3563,0.3526,-1.0768,0.5279,-0.04681143030145607,-0.06762860240496031,5.4208067014067845e-05,-0.2925268538713845,-0.08966275448242783,-0.08340993313017976,-0.07115730313293624,-0.13291515950891727,-0.026912804023710143,-0.15300431519305685,-0.0518195016701187,-0.04299313797535347,-0.010244920821738692,-0.0630222043821861,-0.060037726664493835,-0.012037805136067187,0.012566940303348949,-0.04187499955843563,0.03133498818600153,-0.20145512578171035,-0.1578646520089672,-0.03542991365468272,-0.13031569630937934,-0.024764357694825524,-0.04581315739644642,-0.07196125819473748,-0.08435866367564006,-0.058324729577579004,-0.06057165639375768,-0.04990503707927377,1,1,1,1,1,1,1,1,1,1,-1,-1,-1,-1,-1,-1,-1,-1,-1,-1,0.3878496937593114,CIN
